directory,log_path,dataset,raw_config,canonical_config,seed,avg_acc1,task_count,expected_task_count,complete,eligible_method,source_priority,debug_priority,sha256,size_bytes,selected,exclusion_reason
debug_exp_cifar100_10-10_antB0.5_nceA1_antM0.5_antGlobal_nceGlobal_s1993,logs/debug_exp_cifar100_10-10_antB0.5_nceA1_antM0.5_antGlobal_nceGlobal_s1993/exp_gistlog.log,cifar100_10-10,antB0.5_nceA1_antM0.5_antGlobal_nceGlobal,antB0.5_nceA1_antM0.5_antGlobal,s1993,78.25,10,10,True,True,1,1,0b0769e4c3b8c24e5e7d6e0d7b3a1cdd9e664686f8703707da971f766b26ea89,7108,True,
debug_exp_cifar100_10-10_antB0.5_nceA1_antM0.5_antGlobal_nceLocal_s1993,logs/debug_exp_cifar100_10-10_antB0.5_nceA1_antM0.5_antGlobal_nceLocal_s1993/exp_gistlog.log,cifar100_10-10,antB0.5_nceA1_antM0.5_antGlobal_nceLocal,antB0.5_nceA1_antM0.5_antGlobal,s1993,78.08,10,10,True,True,2,1,5cfadf5a0149c57d6010f3c8c2b8a8b2a002771cb225bcd4b7efc1d3225a067f,7108,False,lower_priority_equivalent_run
debug_exp_cifar100_10-10_antB0.5_nceA1_antM0.5_antLocal_nceGlobal_s1993,logs/debug_exp_cifar100_10-10_antB0.5_nceA1_antM0.5_antLocal_nceGlobal_s1993/exp_gistlog.log,cifar100_10-10,antB0.5_nceA1_antM0.5_antLocal_nceGlobal,antB0.5_nceA1_antM0.5_antLocal,s1993,78.05,10,10,True,True,1,1,a89043b86ba570bd74817788f1885d8b51d8394a9ed57c553b21b42fc0f8a316,7108,True,
debug_exp_cifar100_10-10_antB0.5_nceA1_antM0.5_antLocal_nceLocal_s1993,logs/debug_exp_cifar100_10-10_antB0.5_nceA1_antM0.5_antLocal_nceLocal_s1993/exp_gistlog.log,cifar100_10-10,antB0.5_nceA1_antM0.5_antLocal_nceLocal,antB0.5_nceA1_antM0.5_antLocal,s1993,78.57,10,10,True,True,2,1,8719c9f372367b803342fedb8a6e8da45f3bdf2dab2b8b1f26f0f2d6816bc3d3,7108,False,lower_priority_equivalent_run
debug_exp_cifar100_10-10_antB0.5_nceA1_antM0.5_antLocal_nceLocal_s1994,logs/debug_exp_cifar100_10-10_antB0.5_nceA1_antM0.5_antLocal_nceLocal_s1994/exp_gistlog.log,cifar100_10-10,antB0.5_nceA1_antM0.5_antLocal_nceLocal,antB0.5_nceA1_antM0.5_antLocal,s1994,79.35,10,10,True,True,2,1,7d5a9502520157d488f499b22283989e865f027ecdefe9f5622e1e7ac3162f8a,7108,False,lower_priority_equivalent_run
debug_exp_cifar100_10-10_antB0.5_nceA1_antM0.5_antLocal_nceLocal_s1995,logs/debug_exp_cifar100_10-10_antB0.5_nceA1_antM0.5_antLocal_nceLocal_s1995/exp_gistlog.log,cifar100_10-10,antB0.5_nceA1_antM0.5_antLocal_nceLocal,antB0.5_nceA1_antM0.5_antLocal,s1995,79.54,10,10,True,True,2,1,ccd45bc9de85138bdf24089c05456864d6c6203d8670229ad9222ea5e141327f,7108,False,lower_priority_equivalent_run
debug_exp_cifar100_10-10_antB0.5_nceA1_antM0.5_antSymmetricFull_nceLocal_s1993,logs/debug_exp_cifar100_10-10_antB0.5_nceA1_antM0.5_antSymmetricFull_nceLocal_s1993/exp_gistlog.log,cifar100_10-10,antB0.5_nceA1_antM0.5_antSymmetricFull_nceLocal,antB0.5_nceA1_antM0.5_antSymmetricFull,s1993,78.28,10,10,True,True,2,1,6e5470c09f2a7774f1d8d0e526d94f53fbdf7621353b039859ba91b50d2e9f32,7108,True,
debug_exp_cifar100_10-10_antB0.5_nceA1_antM0.5_antSymmetricFull_nceLocal_s1994,logs/debug_exp_cifar100_10-10_antB0.5_nceA1_antM0.5_antSymmetricFull_nceLocal_s1994/exp_gistlog.log,cifar100_10-10,antB0.5_nceA1_antM0.5_antSymmetricFull_nceLocal,antB0.5_nceA1_antM0.5_antSymmetricFull,s1994,79.22,10,10,True,True,2,1,b9074f4c166096ab79ac4bdc6a4214a9718acc455f58747b7000e37097cfdafa,7108,True,
debug_exp_cifar100_10-10_antB0.5_nceA1_antM0.5_antSymmetricFull_nceLocal_s1995,logs/debug_exp_cifar100_10-10_antB0.5_nceA1_antM0.5_antSymmetricFull_nceLocal_s1995/exp_gistlog.log,cifar100_10-10,antB0.5_nceA1_antM0.5_antSymmetricFull_nceLocal,antB0.5_nceA1_antM0.5_antSymmetricFull,s1995,79.62,10,10,True,True,2,1,19246c27a3d1fa7bf502cd79bbb6135b3f97bf5b73c8453776204e1f7486caae,7108,True,
debug_exp_cifar100_10-10_antB0_nceA1_antGlobal_nceGlobal_s1993,logs/debug_exp_cifar100_10-10_antB0_nceA1_antGlobal_nceGlobal_s1993/exp_gistlog.log,cifar100_10-10,antB0_nceA1_antGlobal_nceGlobal,antB0_nceA1_baselineInfoNCE,s1993,77.87,10,10,True,True,1,1,4db1173576a8c6f74133f194eb6a5a98fb9b0444cb54aba18e66dccc85d3f953,7108,True,
debug_exp_cifar100_10-10_antB0_nceA1_antGlobal_nceGlobal_s1994,logs/debug_exp_cifar100_10-10_antB0_nceA1_antGlobal_nceGlobal_s1994/exp_gistlog.log,cifar100_10-10,antB0_nceA1_antGlobal_nceGlobal,antB0_nceA1_baselineInfoNCE,s1994,79.14,10,10,True,True,1,1,d8d65575ef15065d6a28443e1e7240ec1b18b887ead1baf1fc60e708b5194ca8,10889,True,
debug_exp_cifar100_10-10_antB0_nceA1_antGlobal_nceGlobal_s1995,logs/debug_exp_cifar100_10-10_antB0_nceA1_antGlobal_nceGlobal_s1995/exp_gistlog.log,cifar100_10-10,antB0_nceA1_antGlobal_nceGlobal,antB0_nceA1_baselineInfoNCE,s1995,79.27,10,10,True,True,1,1,c290f0fe4923baba032daad647f3b6c297816232460ac6d8055ab903f3e1d660,10891,True,
debug_exp_cifar100_10-10_antB0_nceA1_antLocal_nceLocal_s1993,logs/debug_exp_cifar100_10-10_antB0_nceA1_antLocal_nceLocal_s1993/exp_gistlog.log,cifar100_10-10,antB0_nceA1_antLocal_nceLocal,antB0_nceA1_baselineInfoNCE,s1993,78.1,10,10,True,True,2,1,ed2ddedf3839466b4fbcbaea4ddc833f17f1901296020f5b7a6437ddc638c529,7108,False,lower_priority_equivalent_run
debug_exp_cifar100_10-10_antB0_nceA1_antLocal_nceLocal_s1994,logs/debug_exp_cifar100_10-10_antB0_nceA1_antLocal_nceLocal_s1994/exp_gistlog.log,cifar100_10-10,antB0_nceA1_antLocal_nceLocal,antB0_nceA1_baselineInfoNCE,s1994,79.25,10,10,True,True,2,1,5916ec6f33efe8437dd5bb8104554e744bb10af172d28cd88befbae164a28f5e,7108,False,lower_priority_equivalent_run
debug_exp_cifar100_10-10_antB0_nceA1_antLocal_nceLocal_s1995,logs/debug_exp_cifar100_10-10_antB0_nceA1_antLocal_nceLocal_s1995/exp_gistlog.log,cifar100_10-10,antB0_nceA1_antLocal_nceLocal,antB0_nceA1_baselineInfoNCE,s1995,79.45,10,10,True,True,2,1,34607d280ab3bb02d40bccc92d9475bdf8eb385e86576c8c59e26fb201a72d83,7108,False,lower_priority_equivalent_run
debug_exp_cifar100_50-10_antB0.5_nceA1_antM0.5_antGlobal_nceGlobal_s1993,logs/debug_exp_cifar100_50-10_antB0.5_nceA1_antM0.5_antGlobal_nceGlobal_s1993/exp_gistlog.log,cifar100_50-10,antB0.5_nceA1_antM0.5_antGlobal_nceGlobal,antB0.5_nceA1_antM0.5_antGlobal,s1993,76.71,6,6,True,True,1,1,2fbe72952ba9089b7e37d287966c24dc0053f8e96571753a3ecd57e3b2fdf5d4,3763,True,
debug_exp_cifar100_50-10_antB0.5_nceA1_antM0.5_antLocal_nceGlobal_s1993,logs/debug_exp_cifar100_50-10_antB0.5_nceA1_antM0.5_antLocal_nceGlobal_s1993/exp_gistlog.log,cifar100_50-10,antB0.5_nceA1_antM0.5_antLocal_nceGlobal,antB0.5_nceA1_antM0.5_antLocal,s1993,76.44,6,6,True,True,1,1,e53dfbd9e5fc5bd4f94bbc36699e9c2e3fe7555405ce318907187d2ca1c66b7b,3763,True,
debug_exp_cifar100_50-10_antB0.5_nceA1_antM0.5_antLocal_nceLocal_s1993,logs/debug_exp_cifar100_50-10_antB0.5_nceA1_antM0.5_antLocal_nceLocal_s1993/exp_gistlog.log,cifar100_50-10,antB0.5_nceA1_antM0.5_antLocal_nceLocal,antB0.5_nceA1_antM0.5_antLocal,s1993,76.6,6,6,True,True,2,1,534fff950e9d2b4503ee9668f9e9c3d55b29f3cb96b09ab7c6b7f98882f219ad,3763,False,lower_priority_equivalent_run
debug_exp_cifar100_50-10_antB0.5_nceA1_antM0.5_antLocal_nceLocal_s1994,logs/debug_exp_cifar100_50-10_antB0.5_nceA1_antM0.5_antLocal_nceLocal_s1994/exp_gistlog.log,cifar100_50-10,antB0.5_nceA1_antM0.5_antLocal_nceLocal,antB0.5_nceA1_antM0.5_antLocal,s1994,77.43,6,6,True,True,2,1,147c16bbd8bb2104e6dae29b4fade249aa9c4f386e07d3623ac5cd6054eeb59b,3763,False,lower_priority_equivalent_run
debug_exp_cifar100_50-10_antB0.5_nceA1_antM0.5_antLocal_nceLocal_s1995,logs/debug_exp_cifar100_50-10_antB0.5_nceA1_antM0.5_antLocal_nceLocal_s1995/exp_gistlog.log,cifar100_50-10,antB0.5_nceA1_antM0.5_antLocal_nceLocal,antB0.5_nceA1_antM0.5_antLocal,s1995,76.99,6,6,True,True,2,1,5ce9142c478d90f05df7e0b84e6ab82c9d6872ab262ec69a2b83047a1ea2221b,3763,False,lower_priority_equivalent_run
debug_exp_cifar100_50-10_antB0.5_nceA1_antM0.5_antSymmetricFull_nceLocal_s1993,logs/debug_exp_cifar100_50-10_antB0.5_nceA1_antM0.5_antSymmetricFull_nceLocal_s1993/exp_gistlog.log,cifar100_50-10,antB0.5_nceA1_antM0.5_antSymmetricFull_nceLocal,antB0.5_nceA1_antM0.5_antSymmetricFull,s1993,76.99,6,6,True,True,2,1,c6594e5a4c01dcb47a1791a860753bf5732a3724bc87ccae33892dc51539f1d3,3763,True,
debug_exp_cifar100_50-10_antB0.5_nceA1_antM0.5_antSymmetricFull_nceLocal_s1994,logs/debug_exp_cifar100_50-10_antB0.5_nceA1_antM0.5_antSymmetricFull_nceLocal_s1994/exp_gistlog.log,cifar100_50-10,antB0.5_nceA1_antM0.5_antSymmetricFull_nceLocal,antB0.5_nceA1_antM0.5_antSymmetricFull,s1994,77.48,6,6,True,True,2,1,fd77a43dcbff9e096eaff61867944fc7ad8feef294888d67b85ad5f085b78103,3763,True,
debug_exp_cifar100_50-10_antB0.5_nceA1_antM0.5_antSymmetricFull_nceLocal_s1995,logs/debug_exp_cifar100_50-10_antB0.5_nceA1_antM0.5_antSymmetricFull_nceLocal_s1995/exp_gistlog.log,cifar100_50-10,antB0.5_nceA1_antM0.5_antSymmetricFull_nceLocal,antB0.5_nceA1_antM0.5_antSymmetricFull,s1995,77.06,6,6,True,True,2,1,b7b818fabfc823480ff462f0784289c423bd0f0311377a4a78244098ff902bf7,3763,True,
debug_exp_cifar100_50-10_antB0_nceA1_antGlobal_nceGlobal_s1993,logs/debug_exp_cifar100_50-10_antB0_nceA1_antGlobal_nceGlobal_s1993/exp_gistlog.log,cifar100_50-10,antB0_nceA1_antGlobal_nceGlobal,antB0_nceA1_baselineInfoNCE,s1993,76.37,6,6,True,True,1,1,cb9f297b6ef209e889b43359d69eac73945ab12890aeac6833cc7b79d5454e36,3763,True,
debug_exp_cifar100_50-10_antB0_nceA1_antGlobal_nceGlobal_s1994,logs/debug_exp_cifar100_50-10_antB0_nceA1_antGlobal_nceGlobal_s1994/exp_gistlog.log,cifar100_50-10,antB0_nceA1_antGlobal_nceGlobal,antB0_nceA1_baselineInfoNCE,s1994,77.53,6,6,True,True,1,1,10a822131ff2843fd0e8080665978b157df13124572e257f53ab148000e4baa9,5863,True,
debug_exp_cifar100_50-10_antB0_nceA1_antGlobal_nceGlobal_s1995,logs/debug_exp_cifar100_50-10_antB0_nceA1_antGlobal_nceGlobal_s1995/exp_gistlog.log,cifar100_50-10,antB0_nceA1_antGlobal_nceGlobal,antB0_nceA1_baselineInfoNCE,s1995,77.07,6,6,True,True,1,1,0bf07d46443d2aeb96d6a3add0c095503934230d243859e2324849ddac95ae4f,5861,True,
debug_exp_cifar100_50-10_antB0_nceA1_antLocal_nceLocal_s1993,logs/debug_exp_cifar100_50-10_antB0_nceA1_antLocal_nceLocal_s1993/exp_gistlog.log,cifar100_50-10,antB0_nceA1_antLocal_nceLocal,antB0_nceA1_baselineInfoNCE,s1993,76.52,6,6,True,True,2,1,f7993603f873ddef5326bcb853f5a30a7cf0d7f0f40e553c780bd0352c3a195d,3763,False,lower_priority_equivalent_run
debug_exp_cifar100_50-10_antB0_nceA1_antLocal_nceLocal_s1994,logs/debug_exp_cifar100_50-10_antB0_nceA1_antLocal_nceLocal_s1994/exp_gistlog.log,cifar100_50-10,antB0_nceA1_antLocal_nceLocal,antB0_nceA1_baselineInfoNCE,s1994,77.22,6,6,True,True,2,1,4068675697e1806cc6b02abd63cbfa18fb333ffb7403e20cab50dba25d9b5847,3763,False,lower_priority_equivalent_run
debug_exp_cifar100_50-10_antB0_nceA1_antLocal_nceLocal_s1995,logs/debug_exp_cifar100_50-10_antB0_nceA1_antLocal_nceLocal_s1995/exp_gistlog.log,cifar100_50-10,antB0_nceA1_antLocal_nceLocal,antB0_nceA1_baselineInfoNCE,s1995,77.07,6,6,True,True,2,1,bdbfeece761d42fd9eb5d9eac9f8998fb9796e30c75d15efa4d253e107451f29,3763,False,lower_priority_equivalent_run
debug_exp_tiny_imagenet_100-20_antB0.5_nceA1_antM0.5_antLocal_nceLocal_s1993,logs/debug_exp_tiny_imagenet_100-20_antB0.5_nceA1_antM0.5_antLocal_nceLocal_s1993/exp_gistlog.log,tiny_imagenet_100-20,antB0.5_nceA1_antM0.5_antLocal_nceLocal,antB0.5_nceA1_antM0.5_antLocal,s1993,61.46,6,6,True,True,2,1,d206b11eb1471c42323d78ad96456bb4e9ccb5e9e8c8beb43439df1b1b10b8f3,5868,False,lower_priority_equivalent_run
debug_exp_tiny_imagenet_100-20_antB0.5_nceA1_antM0.5_antLocal_nceLocal_s1994,logs/debug_exp_tiny_imagenet_100-20_antB0.5_nceA1_antM0.5_antLocal_nceLocal_s1994/exp_gistlog.log,tiny_imagenet_100-20,antB0.5_nceA1_antM0.5_antLocal_nceLocal,antB0.5_nceA1_antM0.5_antLocal,s1994,61.17,6,6,True,True,2,1,c0a661d2036eec35329cc71dff0867f9177d6874ed83b6b26f7fc62de9ffaf6f,5868,False,lower_priority_equivalent_run
debug_exp_tiny_imagenet_100-20_antB0.5_nceA1_antM0.5_antLocal_nceLocal_s1995,logs/debug_exp_tiny_imagenet_100-20_antB0.5_nceA1_antM0.5_antLocal_nceLocal_s1995/exp_gistlog.log,tiny_imagenet_100-20,antB0.5_nceA1_antM0.5_antLocal_nceLocal,antB0.5_nceA1_antM0.5_antLocal,s1995,60.58,6,6,True,True,2,1,1dfa1f1351daf3edc6d0ab66aaf52b49d6b96deb50f7e74e0daf5707b3b7b349,5868,False,lower_priority_equivalent_run
debug_exp_tiny_imagenet_100-20_antB0.5_nceA1_antM0.5_antSymmetricFull_nceLocal_s1993,logs/debug_exp_tiny_imagenet_100-20_antB0.5_nceA1_antM0.5_antSymmetricFull_nceLocal_s1993/exp_gistlog.log,tiny_imagenet_100-20,antB0.5_nceA1_antM0.5_antSymmetricFull_nceLocal,antB0.5_nceA1_antM0.5_antSymmetricFull,s1993,61.72,6,6,True,True,2,1,9488b365d84ac7042e36775be4c4610cae9551f174e32d4c1772010c248e17c6,5866,False,lower_priority_equivalent_run
debug_exp_tiny_imagenet_100-20_antB0.5_nceA1_antM0.5_antSymmetricFull_nceLocal_s1994,logs/debug_exp_tiny_imagenet_100-20_antB0.5_nceA1_antM0.5_antSymmetricFull_nceLocal_s1994/exp_gistlog.log,tiny_imagenet_100-20,antB0.5_nceA1_antM0.5_antSymmetricFull_nceLocal,antB0.5_nceA1_antM0.5_antSymmetricFull,s1994,61.38,6,6,True,True,2,1,400c51e6d4d957f1223b1c4e6510488e1555e7550b70e2be4c3754ad24c1472e,5869,False,lower_priority_equivalent_run
debug_exp_tiny_imagenet_100-20_antB0.5_nceA1_antM0.5_antSymmetricFull_nceLocal_s1995,logs/debug_exp_tiny_imagenet_100-20_antB0.5_nceA1_antM0.5_antSymmetricFull_nceLocal_s1995/exp_gistlog.log,tiny_imagenet_100-20,antB0.5_nceA1_antM0.5_antSymmetricFull_nceLocal,antB0.5_nceA1_antM0.5_antSymmetricFull,s1995,61.07,6,6,True,True,2,1,143648e9f1c28c34ab40df2e6e97f2f7018d2320bba18852f6e0c50ceef86493,5866,False,lower_priority_equivalent_run
debug_exp_tiny_imagenet_100-20_antB0_nceA1_antGlobal_nceGlobal_s1993,logs/debug_exp_tiny_imagenet_100-20_antB0_nceA1_antGlobal_nceGlobal_s1993/exp_gistlog.log,tiny_imagenet_100-20,antB0_nceA1_antGlobal_nceGlobal,antB0_nceA1_baselineInfoNCE,s1993,59.04,6,6,True,True,1,1,e580b20f0f81faf9e155012bb650594751834088297ba42ae3f2cffc5c919a96,5869,False,lower_priority_equivalent_run
debug_exp_tiny_imagenet_100-20_antB0_nceA1_antGlobal_nceGlobal_s1994,logs/debug_exp_tiny_imagenet_100-20_antB0_nceA1_antGlobal_nceGlobal_s1994/exp_gistlog.log,tiny_imagenet_100-20,antB0_nceA1_antGlobal_nceGlobal,antB0_nceA1_baselineInfoNCE,s1994,59.74,6,6,True,True,1,1,f4fa8ad858e0510a8ff4fe6221128f3987af66d805e1dbde5600f090b486fafb,5869,False,lower_priority_equivalent_run
debug_exp_tiny_imagenet_100-20_antB0_nceA1_antGlobal_nceGlobal_s1995,logs/debug_exp_tiny_imagenet_100-20_antB0_nceA1_antGlobal_nceGlobal_s1995/exp_gistlog.log,tiny_imagenet_100-20,antB0_nceA1_antGlobal_nceGlobal,antB0_nceA1_baselineInfoNCE,s1995,60.2,6,6,True,True,1,1,c8d59b1f6c5be35f8de1bf1805fa29dbef56807c7664da6512df1a577949fa7c,5868,False,lower_priority_equivalent_run
debug_exp_tiny_imagenet_100-20_antB0_nceA1_antLocal_nceLocal_s1993,logs/debug_exp_tiny_imagenet_100-20_antB0_nceA1_antLocal_nceLocal_s1993/exp_gistlog.log,tiny_imagenet_100-20,antB0_nceA1_antLocal_nceLocal,antB0_nceA1_baselineInfoNCE,s1993,59.7,6,6,True,True,2,1,58489fa7fafd6be311d9ba74920bcbfba977de3cef21ba870f90a4d424515150,3763,False,lower_priority_equivalent_run
debug_exp_tiny_imagenet_100-20_antB0_nceA1_antLocal_nceLocal_s1994,logs/debug_exp_tiny_imagenet_100-20_antB0_nceA1_antLocal_nceLocal_s1994/exp_gistlog.log,tiny_imagenet_100-20,antB0_nceA1_antLocal_nceLocal,antB0_nceA1_baselineInfoNCE,s1994,59.2,6,6,True,True,2,1,ad92c64903d5ceb40902e88fee5662329871e2ceeb72656cb2a795726c561c1a,5869,False,lower_priority_equivalent_run
debug_exp_tiny_imagenet_100-20_antB0_nceA1_antLocal_nceLocal_s1995,logs/debug_exp_tiny_imagenet_100-20_antB0_nceA1_antLocal_nceLocal_s1995/exp_gistlog.log,tiny_imagenet_100-20,antB0_nceA1_antLocal_nceLocal,antB0_nceA1_baselineInfoNCE,s1995,60.16,6,6,True,True,2,1,3807285bdab258f2b05d5edd08456d343cd9db47bfe8184184e3b3ab549dea21,5870,False,lower_priority_equivalent_run
debug_exp_tiny_imagenet_20-20_antB0.5_nceA1_antM0.5_antGlobal_nceGlobal_s1993,logs/debug_exp_tiny_imagenet_20-20_antB0.5_nceA1_antM0.5_antGlobal_nceGlobal_s1993/exp_gistlog.log,tiny_imagenet_20-20,antB0.5_nceA1_antM0.5_antGlobal_nceGlobal,antB0.5_nceA1_antM0.5_antGlobal,s1993,60.17,10,10,True,True,1,1,e760b3d6b79a16ed24968737d47edb16859b57de2afb9b9c08c57ac2cace9490,7108,True,
debug_exp_tiny_imagenet_20-20_antB0.5_nceA1_antM0.5_antGlobal_nceLocal_s1993,logs/debug_exp_tiny_imagenet_20-20_antB0.5_nceA1_antM0.5_antGlobal_nceLocal_s1993/exp_gistlog.log,tiny_imagenet_20-20,antB0.5_nceA1_antM0.5_antGlobal_nceLocal,antB0.5_nceA1_antM0.5_antGlobal,s1993,60.42,10,10,True,True,2,1,2a42cd47d2efd4088248f8d0219733ecc34d78a97f3ab4ee1f1d69ee299c61ec,7108,False,lower_priority_equivalent_run
debug_exp_tiny_imagenet_20-20_antB0.5_nceA1_antM0.5_antLocal_nceGlobal_s1993,logs/debug_exp_tiny_imagenet_20-20_antB0.5_nceA1_antM0.5_antLocal_nceGlobal_s1993/exp_gistlog.log,tiny_imagenet_20-20,antB0.5_nceA1_antM0.5_antLocal_nceGlobal,antB0.5_nceA1_antM0.5_antLocal,s1993,60.49,10,10,True,True,1,1,9c396a55334a424d636b1225ad31e37a0513c262388ac48654245381a4644318,7108,True,
debug_exp_tiny_imagenet_20-20_antB0.5_nceA1_antM0.5_antLocal_nceLocal_s1993,logs/debug_exp_tiny_imagenet_20-20_antB0.5_nceA1_antM0.5_antLocal_nceLocal_s1993/exp_gistlog.log,tiny_imagenet_20-20,antB0.5_nceA1_antM0.5_antLocal_nceLocal,antB0.5_nceA1_antM0.5_antLocal,s1993,60.78,10,10,True,True,2,1,1ca82ea7cbb834842b09abf7c94c9ba537ab8047a866ae0c221f5adb06ae8896,7108,False,lower_priority_equivalent_run
debug_exp_tiny_imagenet_20-20_antB0.5_nceA1_antM0.5_antLocal_nceLocal_s1994,logs/debug_exp_tiny_imagenet_20-20_antB0.5_nceA1_antM0.5_antLocal_nceLocal_s1994/exp_gistlog.log,tiny_imagenet_20-20,antB0.5_nceA1_antM0.5_antLocal_nceLocal,antB0.5_nceA1_antM0.5_antLocal,s1994,61.04,10,10,True,True,2,1,ca7961b4c707b6a0b9980604b271675c797fe4929f6a3c0499f1d88346cc636c,7108,False,lower_priority_equivalent_run
debug_exp_tiny_imagenet_20-20_antB0.5_nceA1_antM0.5_antLocal_nceLocal_s1995,logs/debug_exp_tiny_imagenet_20-20_antB0.5_nceA1_antM0.5_antLocal_nceLocal_s1995/exp_gistlog.log,tiny_imagenet_20-20,antB0.5_nceA1_antM0.5_antLocal_nceLocal,antB0.5_nceA1_antM0.5_antLocal,s1995,61.71,10,10,True,True,2,1,0fa919dbe813ef64ffc4cd65289ae2028ef87f11f37ff7f4e5eca5f71caae38d,7108,True,
debug_exp_tiny_imagenet_20-20_antB0.5_nceA1_antM0.5_antSymmetricFull_nceLocal_s1993,logs/debug_exp_tiny_imagenet_20-20_antB0.5_nceA1_antM0.5_antSymmetricFull_nceLocal_s1993/exp_gistlog.log,tiny_imagenet_20-20,antB0.5_nceA1_antM0.5_antSymmetricFull_nceLocal,antB0.5_nceA1_antM0.5_antSymmetricFull,s1993,60.32,10,10,True,True,2,1,55bc5ffb6279f50a24233005785cfd60b8584525df3e6d595ca061acad83ff3a,7108,True,
debug_exp_tiny_imagenet_20-20_antB0.5_nceA1_antM0.5_antSymmetricFull_nceLocal_s1994,logs/debug_exp_tiny_imagenet_20-20_antB0.5_nceA1_antM0.5_antSymmetricFull_nceLocal_s1994/exp_gistlog.log,tiny_imagenet_20-20,antB0.5_nceA1_antM0.5_antSymmetricFull_nceLocal,antB0.5_nceA1_antM0.5_antSymmetricFull,s1994,60.86,10,10,True,True,2,1,1050e1b8830113e13a0bc7c3ab7001b3641393d507c1e85ff7f222956b79b63c,7108,True,
debug_exp_tiny_imagenet_20-20_antB0.5_nceA1_antM0.5_antSymmetricFull_nceLocal_s1995,logs/debug_exp_tiny_imagenet_20-20_antB0.5_nceA1_antM0.5_antSymmetricFull_nceLocal_s1995/exp_gistlog.log,tiny_imagenet_20-20,antB0.5_nceA1_antM0.5_antSymmetricFull_nceLocal,antB0.5_nceA1_antM0.5_antSymmetricFull,s1995,61.48,10,10,True,True,2,1,b6d9a17d5d36bf67d6e23e19813496c22d3a2b9c12605b7e645960b434962f23,7108,True,
debug_exp_tiny_imagenet_20-20_antB0_nceA1_antGlobal_nceGlobal_s1993,logs/debug_exp_tiny_imagenet_20-20_antB0_nceA1_antGlobal_nceGlobal_s1993/exp_gistlog.log,tiny_imagenet_20-20,antB0_nceA1_antGlobal_nceGlobal,antB0_nceA1_baselineInfoNCE,s1993,60.25,10,10,True,True,1,1,3aecf8d684b2075574a31f09bd3d6e1e9a890a16f6455de15a1153b94c4e9b6b,7108,True,
debug_exp_tiny_imagenet_20-20_antB0_nceA1_antGlobal_nceGlobal_s1994,logs/debug_exp_tiny_imagenet_20-20_antB0_nceA1_antGlobal_nceGlobal_s1994/exp_gistlog.log,tiny_imagenet_20-20,antB0_nceA1_antGlobal_nceGlobal,antB0_nceA1_baselineInfoNCE,s1994,60.74,10,10,True,True,1,1,fa413e7c1cf09531a2af82713d698204481dc854e0b124dcf534905bf6759782,10894,True,
debug_exp_tiny_imagenet_20-20_antB0_nceA1_antGlobal_nceGlobal_s1995,logs/debug_exp_tiny_imagenet_20-20_antB0_nceA1_antGlobal_nceGlobal_s1995/exp_gistlog.log,tiny_imagenet_20-20,antB0_nceA1_antGlobal_nceGlobal,antB0_nceA1_baselineInfoNCE,s1995,61.76,10,10,True,True,1,1,78b9d044481c822f5d8dc1ce9f68949afd33a67acea4703fe9bc94e0a0b077d9,10895,True,
debug_exp_tiny_imagenet_20-20_antB0_nceA1_antLocal_nceLocal_s1993,logs/debug_exp_tiny_imagenet_20-20_antB0_nceA1_antLocal_nceLocal_s1993/exp_gistlog.log,tiny_imagenet_20-20,antB0_nceA1_antLocal_nceLocal,antB0_nceA1_baselineInfoNCE,s1993,60.68,10,10,True,True,2,1,4f0127bb80f11e14d101da26c554817132f999700cf59f14afaa79d4e2619090,7108,False,lower_priority_equivalent_run
debug_exp_tiny_imagenet_20-20_antB0_nceA1_antLocal_nceLocal_s1994,logs/debug_exp_tiny_imagenet_20-20_antB0_nceA1_antLocal_nceLocal_s1994/exp_gistlog.log,tiny_imagenet_20-20,antB0_nceA1_antLocal_nceLocal,antB0_nceA1_baselineInfoNCE,s1994,61.03,10,10,True,True,2,1,9408ebecea536e7204d7815a25ac468c1ca93fa76a520c09329c931f62794c31,7108,False,lower_priority_equivalent_run
debug_exp_tiny_imagenet_20-20_antB0_nceA1_antLocal_nceLocal_s1995,logs/debug_exp_tiny_imagenet_20-20_antB0_nceA1_antLocal_nceLocal_s1995/exp_gistlog.log,tiny_imagenet_20-20,antB0_nceA1_antLocal_nceLocal,antB0_nceA1_baselineInfoNCE,s1995,61.83,10,10,True,True,2,1,d6473de77d7b4b7fb0c4d194df83355b1869558fdb2fde273cd235aef9edaefd,7108,False,lower_priority_equivalent_run
exp_cifar100_10-10_antB0.5_nceA1_antM0.5_antGlobal_nceGlobal_s1994,logs/exp_cifar100_10-10_antB0.5_nceA1_antM0.5_antGlobal_nceGlobal_s1994/exp_gistlog.log,cifar100_10-10,antB0.5_nceA1_antM0.5_antGlobal_nceGlobal,antB0.5_nceA1_antM0.5_antGlobal,s1994,79.18,10,10,True,True,1,0,abda2649cc4fa4b93d2e9158d77a80bcdf26ef72f49f9950ed28b9b6fafae929,10887,True,
exp_cifar100_10-10_antB0.5_nceA1_antM0.5_antGlobal_nceGlobal_s1995,logs/exp_cifar100_10-10_antB0.5_nceA1_antM0.5_antGlobal_nceGlobal_s1995/exp_gistlog.log,cifar100_10-10,antB0.5_nceA1_antM0.5_antGlobal_nceGlobal,antB0.5_nceA1_antM0.5_antGlobal,s1995,79.22,10,10,True,True,1,0,1c282219b54536fe088b3a33e26a7cbd9f0d47afe71e75e03b191ba38930704f,10890,True,
exp_cifar100_10-10_antB0.5_nceA1_antM0.5_antGlobal_nceLocal_s1994,logs/exp_cifar100_10-10_antB0.5_nceA1_antM0.5_antGlobal_nceLocal_s1994/exp_gistlog.log,cifar100_10-10,antB0.5_nceA1_antM0.5_antGlobal_nceLocal,antB0.5_nceA1_antM0.5_antGlobal,s1994,79.19,10,10,True,True,2,0,c606ffc6121369ac22f5ed1e47fa1d758b88e55aea44f7bcab630cefa724ecd9,10889,False,lower_priority_equivalent_run
exp_cifar100_10-10_antB0.5_nceA1_antM0.5_antGlobal_nceLocal_s1995,logs/exp_cifar100_10-10_antB0.5_nceA1_antM0.5_antGlobal_nceLocal_s1995/exp_gistlog.log,cifar100_10-10,antB0.5_nceA1_antM0.5_antGlobal_nceLocal,antB0.5_nceA1_antM0.5_antGlobal,s1995,79.2,10,10,True,True,2,0,e95e9a99e498acb31eda9a9f689c3af84489bedbdf767b2ca162a568e6bcb96c,10889,False,lower_priority_equivalent_run
exp_cifar100_10-10_antB0.5_nceA1_antM0.5_antLocal_nceGlobal_s1994,logs/exp_cifar100_10-10_antB0.5_nceA1_antM0.5_antLocal_nceGlobal_s1994/exp_gistlog.log,cifar100_10-10,antB0.5_nceA1_antM0.5_antLocal_nceGlobal,antB0.5_nceA1_antM0.5_antLocal,s1994,78.96,10,10,True,True,1,0,17297a24acb96c2ee5c7489fa4c7f72a3e45a24b975824e1d2cbc1ace292731e,10891,True,
exp_cifar100_10-10_antB0.5_nceA1_antM0.5_antLocal_nceGlobal_s1995,logs/exp_cifar100_10-10_antB0.5_nceA1_antM0.5_antLocal_nceGlobal_s1995/exp_gistlog.log,cifar100_10-10,antB0.5_nceA1_antM0.5_antLocal_nceGlobal,antB0.5_nceA1_antM0.5_antLocal,s1995,78.81,10,10,True,True,1,0,c4d47c9a69d7f58a9c39c68fc2c902ceac9fa44ecde9f883e9c1bd5d14ae6d33,10892,True,
exp_cifar100_10-10_antB0.5_nceA1_antM0.5_antLocal_nceLocal_avgK10_s1993,logs/exp_cifar100_10-10_antB0.5_nceA1_antM0.5_antLocal_nceLocal_avgK10_s1993/exp_gistlog.log,cifar100_10-10,antB0.5_nceA1_antM0.5_antLocal_nceLocal_avgK10,antB0.5_nceA1_antM0.5_antLocal_avgK10,s1993,78.99,10,10,True,True,2,0,75836a73b6ded2ed22cc23d58111464056ecb46f736ef28e3be3cc10e2336612,10887,True,
exp_cifar100_10-10_antB0.5_nceA1_antM0.5_antLocal_nceLocal_avgK10_s1994,logs/exp_cifar100_10-10_antB0.5_nceA1_antM0.5_antLocal_nceLocal_avgK10_s1994/exp_gistlog.log,cifar100_10-10,antB0.5_nceA1_antM0.5_antLocal_nceLocal_avgK10,antB0.5_nceA1_antM0.5_antLocal_avgK10,s1994,79.0,10,10,True,True,2,0,6f271f2ac815b58a5358f633a96785268e40e0f2beb775002af2435340b3f0c4,10885,True,
exp_cifar100_10-10_antB0.5_nceA1_antM0.5_antLocal_nceLocal_avgK10_s1995,logs/exp_cifar100_10-10_antB0.5_nceA1_antM0.5_antLocal_nceLocal_avgK10_s1995/exp_gistlog.log,cifar100_10-10,antB0.5_nceA1_antM0.5_antLocal_nceLocal_avgK10,antB0.5_nceA1_antM0.5_antLocal_avgK10,s1995,78.87,10,10,True,True,2,0,d3565289167c6c21378f1af3cd8b35f00fd1a2ffea2e97b6656f47b3b9f8abd7,10889,True,
exp_cifar100_10-10_antB0.5_nceA1_antM0.5_antLocal_nceLocal_avgK3_s1993,logs/exp_cifar100_10-10_antB0.5_nceA1_antM0.5_antLocal_nceLocal_avgK3_s1993/exp_gistlog.log,cifar100_10-10,antB0.5_nceA1_antM0.5_antLocal_nceLocal_avgK3,antB0.5_nceA1_antM0.5_antLocal_avgK3,s1993,78.94,10,10,True,True,2,0,3060e06d6187c627a7321eeb7932040f99ad262f4288408c5d1c6e9c810bd107,10887,True,
exp_cifar100_10-10_antB0.5_nceA1_antM0.5_antLocal_nceLocal_avgK3_s1994,logs/exp_cifar100_10-10_antB0.5_nceA1_antM0.5_antLocal_nceLocal_avgK3_s1994/exp_gistlog.log,cifar100_10-10,antB0.5_nceA1_antM0.5_antLocal_nceLocal_avgK3,antB0.5_nceA1_antM0.5_antLocal_avgK3,s1994,79.09,10,10,True,True,2,0,5d4c9bd4615fe4557f510af0372d950215acb9d4179d2cba8fbd99db6dc853b1,10890,True,
exp_cifar100_10-10_antB0.5_nceA1_antM0.5_antLocal_nceLocal_avgK3_s1995,logs/exp_cifar100_10-10_antB0.5_nceA1_antM0.5_antLocal_nceLocal_avgK3_s1995/exp_gistlog.log,cifar100_10-10,antB0.5_nceA1_antM0.5_antLocal_nceLocal_avgK3,antB0.5_nceA1_antM0.5_antLocal_avgK3,s1995,78.91,10,10,True,True,2,0,09ba89b50b8afa7dad1d5f2f31d57a6257fbb952342fba720ab3284b97b8a759,10891,True,
exp_cifar100_10-10_antB0.5_nceA1_antM0.5_antLocal_nceLocal_avgK5_s1993,logs/exp_cifar100_10-10_antB0.5_nceA1_antM0.5_antLocal_nceLocal_avgK5_s1993/exp_gistlog.log,cifar100_10-10,antB0.5_nceA1_antM0.5_antLocal_nceLocal_avgK5,antB0.5_nceA1_antM0.5_antLocal_avgK5,s1993,78.87,10,10,True,True,2,0,cb4e3bde86a4db31b2b5f662e3d6d1eeafe97ac9b50e32e997b3bf974e304d00,10888,True,
exp_cifar100_10-10_antB0.5_nceA1_antM0.5_antLocal_nceLocal_avgK5_s1994,logs/exp_cifar100_10-10_antB0.5_nceA1_antM0.5_antLocal_nceLocal_avgK5_s1994/exp_gistlog.log,cifar100_10-10,antB0.5_nceA1_antM0.5_antLocal_nceLocal_avgK5,antB0.5_nceA1_antM0.5_antLocal_avgK5,s1994,79.04,10,10,True,True,2,0,0f60b5c3e7a5f97d7969daf3505e8c7bcf15a6bea19f88b0a3d0b63f3c0f29f3,10887,True,
exp_cifar100_10-10_antB0.5_nceA1_antM0.5_antLocal_nceLocal_avgK5_s1995,logs/exp_cifar100_10-10_antB0.5_nceA1_antM0.5_antLocal_nceLocal_avgK5_s1995/exp_gistlog.log,cifar100_10-10,antB0.5_nceA1_antM0.5_antLocal_nceLocal_avgK5,antB0.5_nceA1_antM0.5_antLocal_avgK5,s1995,78.97,10,10,True,True,2,0,a00b1cb7196e78e77d1c56ed2b881191af219f1493489a5f86ebd28a2ff345c5,10890,True,
exp_cifar100_10-10_antB0.5_nceA1_antM0.5_antLocal_nceLocal_sbsQ0.20S0.2_s1993,logs/exp_cifar100_10-10_antB0.5_nceA1_antM0.5_antLocal_nceLocal_sbsQ0.20S0.2_s1993/exp_gistlog.log,cifar100_10-10,antB0.5_nceA1_antM0.5_antLocal_nceLocal_sbsQ0.20S0.2,antB0.5_nceA1_antM0.5_antLocal_sbsQ0.20S0.2,s1993,79.19,10,10,True,False,2,0,39de1f45de09a2e2ced579ad99964d2826269552415bda23acd9f4ec6b4fdfa9,10890,False,method_not_in_analysis
exp_cifar100_10-10_antB0.5_nceA1_antM0.5_antLocal_nceLocal_sbsQ0.20S0.2_s1994,logs/exp_cifar100_10-10_antB0.5_nceA1_antM0.5_antLocal_nceLocal_sbsQ0.20S0.2_s1994/exp_gistlog.log,cifar100_10-10,antB0.5_nceA1_antM0.5_antLocal_nceLocal_sbsQ0.20S0.2,antB0.5_nceA1_antM0.5_antLocal_sbsQ0.20S0.2,s1994,78.94,10,10,True,False,2,0,2d2af128db8fbc0e5545f6fc7d74f5a40018e2e0c075dacec1ef99e79ad8c79b,10889,False,method_not_in_analysis
exp_cifar100_10-10_antB0.5_nceA1_antM0.5_antLocal_nceLocal_sbsQ0.20S0.2_s1995,logs/exp_cifar100_10-10_antB0.5_nceA1_antM0.5_antLocal_nceLocal_sbsQ0.20S0.2_s1995/exp_gistlog.log,cifar100_10-10,antB0.5_nceA1_antM0.5_antLocal_nceLocal_sbsQ0.20S0.2,antB0.5_nceA1_antM0.5_antLocal_sbsQ0.20S0.2,s1995,78.5,10,10,True,False,2,0,7d8c5192ce9256a02a6739b303019c1ce1242c5ded94705d6d328af883b509c1,10890,False,method_not_in_analysis
exp_cifar100_10-10_antB0.5_nceA1_antM0.5_antSymmetricFull_nceLocal_avgK10_s1993,logs/exp_cifar100_10-10_antB0.5_nceA1_antM0.5_antSymmetricFull_nceLocal_avgK10_s1993/exp_gistlog.log,cifar100_10-10,antB0.5_nceA1_antM0.5_antSymmetricFull_nceLocal_avgK10,antB0.5_nceA1_antM0.5_antSymmetricFull_avgK10,s1993,78.85,10,10,True,True,2,0,ed23cea540c3606c10c28bc857095e26cc02cb9922a362801a44f8a3f8f28f07,10890,True,
exp_cifar100_10-10_antB0.5_nceA1_antM0.5_antSymmetricFull_nceLocal_avgK10_s1994,logs/exp_cifar100_10-10_antB0.5_nceA1_antM0.5_antSymmetricFull_nceLocal_avgK10_s1994/exp_gistlog.log,cifar100_10-10,antB0.5_nceA1_antM0.5_antSymmetricFull_nceLocal_avgK10,antB0.5_nceA1_antM0.5_antSymmetricFull_avgK10,s1994,78.92,10,10,True,True,2,0,a05cc16d52fb03a6be5c1431e7a041ec3023c46e20512ab66274db343145e0ef,10889,True,
exp_cifar100_10-10_antB0.5_nceA1_antM0.5_antSymmetricFull_nceLocal_avgK10_s1995,logs/exp_cifar100_10-10_antB0.5_nceA1_antM0.5_antSymmetricFull_nceLocal_avgK10_s1995/exp_gistlog.log,cifar100_10-10,antB0.5_nceA1_antM0.5_antSymmetricFull_nceLocal_avgK10,antB0.5_nceA1_antM0.5_antSymmetricFull_avgK10,s1995,78.85,10,10,True,True,2,0,c986a0fc6c4e14cef2a1e0ddbc51caca3b19daf9ad43ae35e385bc0d1b6ee061,10891,True,
exp_cifar100_10-10_antB0.5_nceA1_antM0.5_antSymmetricFull_nceLocal_avgK3_s1993,logs/exp_cifar100_10-10_antB0.5_nceA1_antM0.5_antSymmetricFull_nceLocal_avgK3_s1993/exp_gistlog.log,cifar100_10-10,antB0.5_nceA1_antM0.5_antSymmetricFull_nceLocal_avgK3,antB0.5_nceA1_antM0.5_antSymmetricFull_avgK3,s1993,78.95,10,10,True,True,2,0,630aaa43e3ea66e3ad3c948e1b38277ef737fbe9bccd14ffa23eb57471847667,10888,False,incomplete_cross_dataset_seed_coverage
exp_cifar100_10-10_antB0.5_nceA1_antM0.5_antSymmetricFull_nceLocal_avgK5_s1993,logs/exp_cifar100_10-10_antB0.5_nceA1_antM0.5_antSymmetricFull_nceLocal_avgK5_s1993/exp_gistlog.log,cifar100_10-10,antB0.5_nceA1_antM0.5_antSymmetricFull_nceLocal_avgK5,antB0.5_nceA1_antM0.5_antSymmetricFull_avgK5,s1993,79.07,10,10,True,True,2,0,bf79a809cd5ff72ce3c56857a484766fbb83cca5bcfa196c8f943daa0e99f6ba,10887,True,
exp_cifar100_10-10_antB0.5_nceA1_antM0.5_antSymmetricFull_nceLocal_avgK5_s1994,logs/exp_cifar100_10-10_antB0.5_nceA1_antM0.5_antSymmetricFull_nceLocal_avgK5_s1994/exp_gistlog.log,cifar100_10-10,antB0.5_nceA1_antM0.5_antSymmetricFull_nceLocal_avgK5,antB0.5_nceA1_antM0.5_antSymmetricFull_avgK5,s1994,79.16,10,10,True,True,2,0,ca21df5a4e0eeba97207f3b926270eed5638735544ff5c5b42984779d436c29c,10888,True,
exp_cifar100_10-10_antB0.5_nceA1_antM0.5_antSymmetricFull_nceLocal_avgK5_s1995,logs/exp_cifar100_10-10_antB0.5_nceA1_antM0.5_antSymmetricFull_nceLocal_avgK5_s1995/exp_gistlog.log,cifar100_10-10,antB0.5_nceA1_antM0.5_antSymmetricFull_nceLocal_avgK5,antB0.5_nceA1_antM0.5_antSymmetricFull_avgK5,s1995,78.98,10,10,True,True,2,0,d198da8fe758149a334bb4680c447ed3b11014ac3012c54471aac553e9104a73,10889,True,
exp_cifar100_10-10_antB0.5_nceA1_antM0.5_antSymmetricFull_nceLocal_sbsQ0.20S0.2_s1993,logs/exp_cifar100_10-10_antB0.5_nceA1_antM0.5_antSymmetricFull_nceLocal_sbsQ0.20S0.2_s1993/exp_gistlog.log,cifar100_10-10,antB0.5_nceA1_antM0.5_antSymmetricFull_nceLocal_sbsQ0.20S0.2,antB0.5_nceA1_antM0.5_antSymmetricFull_sbsQ0.20S0.2,s1993,78.86,10,10,True,False,2,0,065309e6567b09efd9edf0dcb95bf57fe97ef81a494a823f2c500dad64fbfd3f,10890,False,method_not_in_analysis
exp_cifar100_10-10_antB0.5_nceA1_antM0.5_antSymmetricFull_nceLocal_sbsQ0.20S0.2_s1994,logs/exp_cifar100_10-10_antB0.5_nceA1_antM0.5_antSymmetricFull_nceLocal_sbsQ0.20S0.2_s1994/exp_gistlog.log,cifar100_10-10,antB0.5_nceA1_antM0.5_antSymmetricFull_nceLocal_sbsQ0.20S0.2,antB0.5_nceA1_antM0.5_antSymmetricFull_sbsQ0.20S0.2,s1994,78.98,10,10,True,False,2,0,330022aa0f919cc95961e4094e841e84b7df8a8a9022648eae87e7e25f3311e0,10890,False,method_not_in_analysis
exp_cifar100_10-10_antB0.5_nceA1_antM0.5_antSymmetricFull_nceLocal_sbsQ0.20S0.2_s1995,logs/exp_cifar100_10-10_antB0.5_nceA1_antM0.5_antSymmetricFull_nceLocal_sbsQ0.20S0.2_s1995/exp_gistlog.log,cifar100_10-10,antB0.5_nceA1_antM0.5_antSymmetricFull_nceLocal_sbsQ0.20S0.2,antB0.5_nceA1_antM0.5_antSymmetricFull_sbsQ0.20S0.2,s1995,78.29,10,10,True,False,2,0,933f78e3b675a3cd67e796116f4505ee3b3ca4f5715ecbc03bf9e7ab0a878fef,10892,False,method_not_in_analysis
exp_cifar100_50-10_antB0.5_nceA1_antM0.5_antGlobal_nceGlobal_s1994,logs/exp_cifar100_50-10_antB0.5_nceA1_antM0.5_antGlobal_nceGlobal_s1994/exp_gistlog.log,cifar100_50-10,antB0.5_nceA1_antM0.5_antGlobal_nceGlobal,antB0.5_nceA1_antM0.5_antGlobal,s1994,76.1,6,6,True,True,1,0,e99421c856b8c7cc412d033d4ed517af54cbae4aa2f09282e59db252bcdcc524,5862,True,
exp_cifar100_50-10_antB0.5_nceA1_antM0.5_antGlobal_nceGlobal_s1995,logs/exp_cifar100_50-10_antB0.5_nceA1_antM0.5_antGlobal_nceGlobal_s1995/exp_gistlog.log,cifar100_50-10,antB0.5_nceA1_antM0.5_antGlobal_nceGlobal,antB0.5_nceA1_antM0.5_antGlobal,s1995,77.28,6,6,True,True,1,0,ad8cb963542136cbf9e6718954b69075c06b9e84bdefcb31d689c1fdeeceb61c,5866,True,
exp_cifar100_50-10_antB0.5_nceA1_antM0.5_antGlobal_nceLocal_s1993,logs/exp_cifar100_50-10_antB0.5_nceA1_antM0.5_antGlobal_nceLocal_s1993/exp_gistlog.log,cifar100_50-10,antB0.5_nceA1_antM0.5_antGlobal_nceLocal,antB0.5_nceA1_antM0.5_antGlobal,s1993,77.04,6,6,True,True,2,0,82e00f9b3a61dfba84306a9a74d0e1a7a9ec2a99e9ef8e420dc72c3665609bb5,5861,False,lower_priority_equivalent_run
exp_cifar100_50-10_antB0.5_nceA1_antM0.5_antGlobal_nceLocal_s1994,logs/exp_cifar100_50-10_antB0.5_nceA1_antM0.5_antGlobal_nceLocal_s1994/exp_gistlog.log,cifar100_50-10,antB0.5_nceA1_antM0.5_antGlobal_nceLocal,antB0.5_nceA1_antM0.5_antGlobal,s1994,77.22,6,6,True,True,2,0,baa51596b801242ddb1bf4c608eedb2b98aa56541b9158c864cb66cfb1712ac4,5863,False,lower_priority_equivalent_run
exp_cifar100_50-10_antB0.5_nceA1_antM0.5_antGlobal_nceLocal_s1995,logs/exp_cifar100_50-10_antB0.5_nceA1_antM0.5_antGlobal_nceLocal_s1995/exp_gistlog.log,cifar100_50-10,antB0.5_nceA1_antM0.5_antGlobal_nceLocal,antB0.5_nceA1_antM0.5_antGlobal,s1995,76.99,6,6,True,True,2,0,312ae9a0b359e6ba65dfd437be1127a924a563d5226c8372d478324b439e5243,5864,False,lower_priority_equivalent_run
exp_cifar100_50-10_antB0.5_nceA1_antM0.5_antLocal_nceGlobal_s1994,logs/exp_cifar100_50-10_antB0.5_nceA1_antM0.5_antLocal_nceGlobal_s1994/exp_gistlog.log,cifar100_50-10,antB0.5_nceA1_antM0.5_antLocal_nceGlobal,antB0.5_nceA1_antM0.5_antLocal,s1994,77.43,6,6,True,True,1,0,03b2efdfc85e5e3196eda730deb218b127640a9f4a31eed3d861418cc9d40703,5864,True,
exp_cifar100_50-10_antB0.5_nceA1_antM0.5_antLocal_nceGlobal_s1995,logs/exp_cifar100_50-10_antB0.5_nceA1_antM0.5_antLocal_nceGlobal_s1995/exp_gistlog.log,cifar100_50-10,antB0.5_nceA1_antM0.5_antLocal_nceGlobal,antB0.5_nceA1_antM0.5_antLocal,s1995,77.17,6,6,True,True,1,0,0c083409fa86f764006f8ad46869d3bc6f4cb76be960c6ec36eab5ff976f3dd5,5863,True,
exp_cifar100_50-10_antB0.5_nceA1_antM0.5_antLocal_nceLocal_avgK10_s1993,logs/exp_cifar100_50-10_antB0.5_nceA1_antM0.5_antLocal_nceLocal_avgK10_s1993/exp_gistlog.log,cifar100_50-10,antB0.5_nceA1_antM0.5_antLocal_nceLocal_avgK10,antB0.5_nceA1_antM0.5_antLocal_avgK10,s1993,77.25,6,6,True,True,2,0,8ecfaa5dde787fb510fe1b4db4893c6c02b20ed4e31d0bd0fbef58ce40fd8fab,5862,True,
exp_cifar100_50-10_antB0.5_nceA1_antM0.5_antLocal_nceLocal_avgK10_s1994,logs/exp_cifar100_50-10_antB0.5_nceA1_antM0.5_antLocal_nceLocal_avgK10_s1994/exp_gistlog.log,cifar100_50-10,antB0.5_nceA1_antM0.5_antLocal_nceLocal_avgK10,antB0.5_nceA1_antM0.5_antLocal_avgK10,s1994,77.25,6,6,True,True,2,0,15a75b7455581465e85c3935a8451b1112fd083fee1d1a7d0f31ed2ba4f67053,5864,True,
exp_cifar100_50-10_antB0.5_nceA1_antM0.5_antLocal_nceLocal_avgK10_s1995,logs/exp_cifar100_50-10_antB0.5_nceA1_antM0.5_antLocal_nceLocal_avgK10_s1995/exp_gistlog.log,cifar100_50-10,antB0.5_nceA1_antM0.5_antLocal_nceLocal_avgK10,antB0.5_nceA1_antM0.5_antLocal_avgK10,s1995,77.19,6,6,True,True,2,0,23e8a21d892d415b5a72d047db1860584564b4f4102f9fc45d5b90a419ac46e0,5863,True,
exp_cifar100_50-10_antB0.5_nceA1_antM0.5_antLocal_nceLocal_avgK3_s1993,logs/exp_cifar100_50-10_antB0.5_nceA1_antM0.5_antLocal_nceLocal_avgK3_s1993/exp_gistlog.log,cifar100_50-10,antB0.5_nceA1_antM0.5_antLocal_nceLocal_avgK3,antB0.5_nceA1_antM0.5_antLocal_avgK3,s1993,77.15,6,6,True,True,2,0,4e463fd1a5c006ccac299121a8d9ac35e012747a862fb9779e2a86fc2492e433,5860,True,
exp_cifar100_50-10_antB0.5_nceA1_antM0.5_antLocal_nceLocal_avgK3_s1994,logs/exp_cifar100_50-10_antB0.5_nceA1_antM0.5_antLocal_nceLocal_avgK3_s1994/exp_gistlog.log,cifar100_50-10,antB0.5_nceA1_antM0.5_antLocal_nceLocal_avgK3,antB0.5_nceA1_antM0.5_antLocal_avgK3,s1994,76.02,6,6,True,True,2,0,620a9ea46ab1fdd9840c0e28b1199dc49fd01063e03e5442e0848fcf1534aa79,5863,True,
exp_cifar100_50-10_antB0.5_nceA1_antM0.5_antLocal_nceLocal_avgK3_s1995,logs/exp_cifar100_50-10_antB0.5_nceA1_antM0.5_antLocal_nceLocal_avgK3_s1995/exp_gistlog.log,cifar100_50-10,antB0.5_nceA1_antM0.5_antLocal_nceLocal_avgK3,antB0.5_nceA1_antM0.5_antLocal_avgK3,s1995,76.78,6,6,True,True,2,0,34b1cd869039c7f7ba0e292e4b6cdf749033e9ee4e8528a450052fcbd78d8ea8,5864,True,
exp_cifar100_50-10_antB0.5_nceA1_antM0.5_antLocal_nceLocal_avgK5_s1993,logs/exp_cifar100_50-10_antB0.5_nceA1_antM0.5_antLocal_nceLocal_avgK5_s1993/exp_gistlog.log,cifar100_50-10,antB0.5_nceA1_antM0.5_antLocal_nceLocal_avgK5,antB0.5_nceA1_antM0.5_antLocal_avgK5,s1993,77.1,6,6,True,True,2,0,ef20737fe05d87ba8bd2ba8bac3385edd03cd620e21cfff981b6bc2f7556fa8c,5861,True,
exp_cifar100_50-10_antB0.5_nceA1_antM0.5_antLocal_nceLocal_avgK5_s1994,logs/exp_cifar100_50-10_antB0.5_nceA1_antM0.5_antLocal_nceLocal_avgK5_s1994/exp_gistlog.log,cifar100_50-10,antB0.5_nceA1_antM0.5_antLocal_nceLocal_avgK5,antB0.5_nceA1_antM0.5_antLocal_avgK5,s1994,76.98,6,6,True,True,2,0,b490e5ec03a83da736249c1b9045aa1d6f9502f43f86405bab307e2df75198fd,5865,True,
exp_cifar100_50-10_antB0.5_nceA1_antM0.5_antLocal_nceLocal_avgK5_s1995,logs/exp_cifar100_50-10_antB0.5_nceA1_antM0.5_antLocal_nceLocal_avgK5_s1995/exp_gistlog.log,cifar100_50-10,antB0.5_nceA1_antM0.5_antLocal_nceLocal_avgK5,antB0.5_nceA1_antM0.5_antLocal_avgK5,s1995,77.05,6,6,True,True,2,0,9140f4a8371884d2d45b6910ae5985cfa257c68b0d3c157ab78da4ac92d91c14,5863,True,
exp_cifar100_50-10_antB0.5_nceA1_antM0.5_antLocal_nceLocal_sbsQ0.20S0.2_s1993,logs/exp_cifar100_50-10_antB0.5_nceA1_antM0.5_antLocal_nceLocal_sbsQ0.20S0.2_s1993/exp_gistlog.log,cifar100_50-10,antB0.5_nceA1_antM0.5_antLocal_nceLocal_sbsQ0.20S0.2,antB0.5_nceA1_antM0.5_antLocal_sbsQ0.20S0.2,s1993,76.49,6,6,True,False,2,0,c4fee7454b3f79c275c9694bd581702289f858d93ea9736172bd6a3175863bd2,5862,False,method_not_in_analysis
exp_cifar100_50-10_antB0.5_nceA1_antM0.5_antLocal_nceLocal_sbsQ0.20S0.2_s1994,logs/exp_cifar100_50-10_antB0.5_nceA1_antM0.5_antLocal_nceLocal_sbsQ0.20S0.2_s1994/exp_gistlog.log,cifar100_50-10,antB0.5_nceA1_antM0.5_antLocal_nceLocal_sbsQ0.20S0.2,antB0.5_nceA1_antM0.5_antLocal_sbsQ0.20S0.2,s1994,77.39,6,6,True,False,2,0,cc3ab00a818b2d91cce7980c54bb4cb3d6ad039e8d174cbd5e7965374cc99005,5867,False,method_not_in_analysis
exp_cifar100_50-10_antB0.5_nceA1_antM0.5_antLocal_nceLocal_sbsQ0.20S0.2_s1995,logs/exp_cifar100_50-10_antB0.5_nceA1_antM0.5_antLocal_nceLocal_sbsQ0.20S0.2_s1995/exp_gistlog.log,cifar100_50-10,antB0.5_nceA1_antM0.5_antLocal_nceLocal_sbsQ0.20S0.2,antB0.5_nceA1_antM0.5_antLocal_sbsQ0.20S0.2,s1995,77.05,6,6,True,False,2,0,6a832ab219f99539d03a4cc6a7b437f595305176d528aab0a16e8ba239f54ceb,5861,False,method_not_in_analysis
exp_cifar100_50-10_antB0.5_nceA1_antM0.5_antSymmetricFull_nceLocal_avgK10_s1993,logs/exp_cifar100_50-10_antB0.5_nceA1_antM0.5_antSymmetricFull_nceLocal_avgK10_s1993/exp_gistlog.log,cifar100_50-10,antB0.5_nceA1_antM0.5_antSymmetricFull_nceLocal_avgK10,antB0.5_nceA1_antM0.5_antSymmetricFull_avgK10,s1993,76.88,6,6,True,True,2,0,2b327b1020acac38e75528a0a62e60907f3d6b578c1a5496063809d34e592c7f,5862,True,
exp_cifar100_50-10_antB0.5_nceA1_antM0.5_antSymmetricFull_nceLocal_avgK10_s1994,logs/exp_cifar100_50-10_antB0.5_nceA1_antM0.5_antSymmetricFull_nceLocal_avgK10_s1994/exp_gistlog.log,cifar100_50-10,antB0.5_nceA1_antM0.5_antSymmetricFull_nceLocal_avgK10,antB0.5_nceA1_antM0.5_antSymmetricFull_avgK10,s1994,76.97,6,6,True,True,2,0,6e6b2a8324f0894fe0729f91e9d8d688b72e47cfa6a2deb07ba6c9f89f40aec7,5863,True,
exp_cifar100_50-10_antB0.5_nceA1_antM0.5_antSymmetricFull_nceLocal_avgK10_s1995,logs/exp_cifar100_50-10_antB0.5_nceA1_antM0.5_antSymmetricFull_nceLocal_avgK10_s1995/exp_gistlog.log,cifar100_50-10,antB0.5_nceA1_antM0.5_antSymmetricFull_nceLocal_avgK10,antB0.5_nceA1_antM0.5_antSymmetricFull_avgK10,s1995,76.95,6,6,True,True,2,0,c8b2b3abaebd83807a322948a25ff28f6c750c27931708c4dec5b662685f38d8,5861,True,
exp_cifar100_50-10_antB0.5_nceA1_antM0.5_antSymmetricFull_nceLocal_avgK3_s1993,logs/exp_cifar100_50-10_antB0.5_nceA1_antM0.5_antSymmetricFull_nceLocal_avgK3_s1993/exp_gistlog.log,cifar100_50-10,antB0.5_nceA1_antM0.5_antSymmetricFull_nceLocal_avgK3,antB0.5_nceA1_antM0.5_antSymmetricFull_avgK3,s1993,77.04,6,6,True,True,2,0,f85d6bea32a02e07b849c0d38b950ffa87aab6cde3617b32f0a1ffe45b37b720,5863,False,incomplete_cross_dataset_seed_coverage
exp_cifar100_50-10_antB0.5_nceA1_antM0.5_antSymmetricFull_nceLocal_avgK5_s1993,logs/exp_cifar100_50-10_antB0.5_nceA1_antM0.5_antSymmetricFull_nceLocal_avgK5_s1993/exp_gistlog.log,cifar100_50-10,antB0.5_nceA1_antM0.5_antSymmetricFull_nceLocal_avgK5,antB0.5_nceA1_antM0.5_antSymmetricFull_avgK5,s1993,77.27,6,6,True,True,2,0,1916d9979b33b52669eb85bea0f9b5749e1ec945f8bbdbdddafd511ae1941239,5861,True,
exp_cifar100_50-10_antB0.5_nceA1_antM0.5_antSymmetricFull_nceLocal_avgK5_s1994,logs/exp_cifar100_50-10_antB0.5_nceA1_antM0.5_antSymmetricFull_nceLocal_avgK5_s1994/exp_gistlog.log,cifar100_50-10,antB0.5_nceA1_antM0.5_antSymmetricFull_nceLocal_avgK5,antB0.5_nceA1_antM0.5_antSymmetricFull_avgK5,s1994,77.29,6,6,True,True,2,0,1741735b2fc07b4227ee3d7e060f267c8169bc479fb00ee1c8af50fc806ab277,5860,True,
exp_cifar100_50-10_antB0.5_nceA1_antM0.5_antSymmetricFull_nceLocal_avgK5_s1995,logs/exp_cifar100_50-10_antB0.5_nceA1_antM0.5_antSymmetricFull_nceLocal_avgK5_s1995/exp_gistlog.log,cifar100_50-10,antB0.5_nceA1_antM0.5_antSymmetricFull_nceLocal_avgK5,antB0.5_nceA1_antM0.5_antSymmetricFull_avgK5,s1995,76.94,6,6,True,True,2,0,0fdfab23aa6a6dad8768c429fcb7bbdeb21712ed492b8795c1b1576628aa97e2,5861,True,
exp_cifar100_50-10_antB0.5_nceA1_antM0.5_antSymmetricFull_nceLocal_sbsQ0.20S0.2_s1993,logs/exp_cifar100_50-10_antB0.5_nceA1_antM0.5_antSymmetricFull_nceLocal_sbsQ0.20S0.2_s1993/exp_gistlog.log,cifar100_50-10,antB0.5_nceA1_antM0.5_antSymmetricFull_nceLocal_sbsQ0.20S0.2,antB0.5_nceA1_antM0.5_antSymmetricFull_sbsQ0.20S0.2,s1993,76.87,6,6,True,False,2,0,5c6afc05887b8222ba2267f499af37d4661a538322457e69dcc5b2243380d0c8,5864,False,method_not_in_analysis
exp_cifar100_50-10_antB0.5_nceA1_antM0.5_antSymmetricFull_nceLocal_sbsQ0.20S0.2_s1994,logs/exp_cifar100_50-10_antB0.5_nceA1_antM0.5_antSymmetricFull_nceLocal_sbsQ0.20S0.2_s1994/exp_gistlog.log,cifar100_50-10,antB0.5_nceA1_antM0.5_antSymmetricFull_nceLocal_sbsQ0.20S0.2,antB0.5_nceA1_antM0.5_antSymmetricFull_sbsQ0.20S0.2,s1994,77.43,6,6,True,False,2,0,d0d188e204cfef03072f2a1e88409fb368b72b0724f1453bcfcd960927f32f66,5861,False,method_not_in_analysis
exp_cifar100_50-10_antB0.5_nceA1_antM0.5_antSymmetricFull_nceLocal_sbsQ0.20S0.2_s1995,logs/exp_cifar100_50-10_antB0.5_nceA1_antM0.5_antSymmetricFull_nceLocal_sbsQ0.20S0.2_s1995/exp_gistlog.log,cifar100_50-10,antB0.5_nceA1_antM0.5_antSymmetricFull_nceLocal_sbsQ0.20S0.2,antB0.5_nceA1_antM0.5_antSymmetricFull_sbsQ0.20S0.2,s1995,76.97,6,6,True,False,2,0,90cfb26a559e0b09f8acf75377badd305541ccc42a53025a47a4041c11600b35,5864,False,method_not_in_analysis
exp_tiny_imagenet_100-20_antB0.5_nceA1_antM0.5_antGlobal_nceGlobal_s1993,logs/exp_tiny_imagenet_100-20_antB0.5_nceA1_antM0.5_antGlobal_nceGlobal_s1993/exp_gistlog.log,tiny_imagenet_100-20,antB0.5_nceA1_antM0.5_antGlobal_nceGlobal,antB0.5_nceA1_antM0.5_antGlobal,s1993,61.36,6,6,True,True,1,0,a019c8eac9950ed0fad9f2ea4c1f66bd687cc9204257f4997ce2c539dc607d79,5868,True,
exp_tiny_imagenet_100-20_antB0.5_nceA1_antM0.5_antGlobal_nceGlobal_s1994,logs/exp_tiny_imagenet_100-20_antB0.5_nceA1_antM0.5_antGlobal_nceGlobal_s1994/exp_gistlog.log,tiny_imagenet_100-20,antB0.5_nceA1_antM0.5_antGlobal_nceGlobal,antB0.5_nceA1_antM0.5_antGlobal,s1994,61.3,6,6,True,True,1,0,68d8440c950d82da2331ef13197bd0adc96cc5f1b9c04b175ffac037767b9433,5870,True,
exp_tiny_imagenet_100-20_antB0.5_nceA1_antM0.5_antGlobal_nceGlobal_s1995,logs/exp_tiny_imagenet_100-20_antB0.5_nceA1_antM0.5_antGlobal_nceGlobal_s1995/exp_gistlog.log,tiny_imagenet_100-20,antB0.5_nceA1_antM0.5_antGlobal_nceGlobal,antB0.5_nceA1_antM0.5_antGlobal,s1995,61.15,6,6,True,True,1,0,4a80f79d92782a7f2e9b848d21fabe3ba80ad60877d1a76c02829f1571bbef62,5869,True,
exp_tiny_imagenet_100-20_antB0.5_nceA1_antM0.5_antGlobal_nceLocal_s1993,logs/exp_tiny_imagenet_100-20_antB0.5_nceA1_antM0.5_antGlobal_nceLocal_s1993/exp_gistlog.log,tiny_imagenet_100-20,antB0.5_nceA1_antM0.5_antGlobal_nceLocal,antB0.5_nceA1_antM0.5_antGlobal,s1993,61.5,6,6,True,True,2,0,2887a9d24c9f96062e6474566ab706cf5bb0aef98699f4c99391648d9d28c4eb,5869,False,lower_priority_equivalent_run
exp_tiny_imagenet_100-20_antB0.5_nceA1_antM0.5_antGlobal_nceLocal_s1994,logs/exp_tiny_imagenet_100-20_antB0.5_nceA1_antM0.5_antGlobal_nceLocal_s1994/exp_gistlog.log,tiny_imagenet_100-20,antB0.5_nceA1_antM0.5_antGlobal_nceLocal,antB0.5_nceA1_antM0.5_antGlobal,s1994,61.15,6,6,True,True,2,0,9bc631c9c69b6fa26f5e7919945128de082aceaceb5e2e76fb8b94ae3ae889d7,5867,False,lower_priority_equivalent_run
exp_tiny_imagenet_100-20_antB0.5_nceA1_antM0.5_antGlobal_nceLocal_s1995,logs/exp_tiny_imagenet_100-20_antB0.5_nceA1_antM0.5_antGlobal_nceLocal_s1995/exp_gistlog.log,tiny_imagenet_100-20,antB0.5_nceA1_antM0.5_antGlobal_nceLocal,antB0.5_nceA1_antM0.5_antGlobal,s1995,61.04,6,6,True,True,2,0,6ef0363928063f9679e3a47f8f2eb8f45fd9a8037be8e4e6b78245976fd33132,5870,False,lower_priority_equivalent_run
exp_tiny_imagenet_100-20_antB0.5_nceA1_antM0.5_antLocal_nceGlobal_s1993,logs/exp_tiny_imagenet_100-20_antB0.5_nceA1_antM0.5_antLocal_nceGlobal_s1993/exp_gistlog.log,tiny_imagenet_100-20,antB0.5_nceA1_antM0.5_antLocal_nceGlobal,antB0.5_nceA1_antM0.5_antLocal,s1993,60.81,6,6,True,True,1,0,932f092b778aaa02bc2abf240a8f230c0227c24f651b422a6cc84cfd0f419145,5866,True,
exp_tiny_imagenet_100-20_antB0.5_nceA1_antM0.5_antLocal_nceGlobal_s1994,logs/exp_tiny_imagenet_100-20_antB0.5_nceA1_antM0.5_antLocal_nceGlobal_s1994/exp_gistlog.log,tiny_imagenet_100-20,antB0.5_nceA1_antM0.5_antLocal_nceGlobal,antB0.5_nceA1_antM0.5_antLocal,s1994,61.17,6,6,True,True,1,0,409b70d0ddf7945b7f54ff148df9380c605ffcef70369beabb887de46219e52a,5867,True,
exp_tiny_imagenet_100-20_antB0.5_nceA1_antM0.5_antLocal_nceGlobal_s1995,logs/exp_tiny_imagenet_100-20_antB0.5_nceA1_antM0.5_antLocal_nceGlobal_s1995/exp_gistlog.log,tiny_imagenet_100-20,antB0.5_nceA1_antM0.5_antLocal_nceGlobal,antB0.5_nceA1_antM0.5_antLocal,s1995,61.13,6,6,True,True,1,0,870ea9d0636ffd9a375fe651da6b79222de55f418c584bc54bf128246a419a6c,5869,True,
exp_tiny_imagenet_100-20_antB0.5_nceA1_antM0.5_antLocal_nceLocal_avgK10_s1993,logs/exp_tiny_imagenet_100-20_antB0.5_nceA1_antM0.5_antLocal_nceLocal_avgK10_s1993/exp_gistlog.log,tiny_imagenet_100-20,antB0.5_nceA1_antM0.5_antLocal_nceLocal_avgK10,antB0.5_nceA1_antM0.5_antLocal_avgK10,s1993,61.08,6,6,True,True,2,0,bfdef1f90f05103f455baeb9e9a6c9d158d99427005924893c87a0472521fe90,5868,True,
exp_tiny_imagenet_100-20_antB0.5_nceA1_antM0.5_antLocal_nceLocal_avgK10_s1994,logs/exp_tiny_imagenet_100-20_antB0.5_nceA1_antM0.5_antLocal_nceLocal_avgK10_s1994/exp_gistlog.log,tiny_imagenet_100-20,antB0.5_nceA1_antM0.5_antLocal_nceLocal_avgK10,antB0.5_nceA1_antM0.5_antLocal_avgK10,s1994,61.22,6,6,True,True,2,0,280fe2768401b434bff188babca1e88f89dd4bba348019f17bffad40651c1bf4,5869,True,
exp_tiny_imagenet_100-20_antB0.5_nceA1_antM0.5_antLocal_nceLocal_avgK10_s1995,logs/exp_tiny_imagenet_100-20_antB0.5_nceA1_antM0.5_antLocal_nceLocal_avgK10_s1995/exp_gistlog.log,tiny_imagenet_100-20,antB0.5_nceA1_antM0.5_antLocal_nceLocal_avgK10,antB0.5_nceA1_antM0.5_antLocal_avgK10,s1995,61.23,6,6,True,True,2,0,bfc7b063992947ebb896b486c5fc8847fae3219221ec2208242b9a29a8c0c427,5866,True,
exp_tiny_imagenet_100-20_antB0.5_nceA1_antM0.5_antLocal_nceLocal_avgK3_s1993,logs/exp_tiny_imagenet_100-20_antB0.5_nceA1_antM0.5_antLocal_nceLocal_avgK3_s1993/exp_gistlog.log,tiny_imagenet_100-20,antB0.5_nceA1_antM0.5_antLocal_nceLocal_avgK3,antB0.5_nceA1_antM0.5_antLocal_avgK3,s1993,61.0,6,6,True,True,2,0,8d1bd2c72a6b77d74dc7041db24e18c074453a9cdd456ef36385ef5cf89ae33a,5867,True,
exp_tiny_imagenet_100-20_antB0.5_nceA1_antM0.5_antLocal_nceLocal_avgK3_s1994,logs/exp_tiny_imagenet_100-20_antB0.5_nceA1_antM0.5_antLocal_nceLocal_avgK3_s1994/exp_gistlog.log,tiny_imagenet_100-20,antB0.5_nceA1_antM0.5_antLocal_nceLocal_avgK3,antB0.5_nceA1_antM0.5_antLocal_avgK3,s1994,61.5,6,6,True,True,2,0,bb7146c98c261687ae8fa704aa23e529531cbdfdf17d0e3416940fee2d07cd2c,5869,True,
exp_tiny_imagenet_100-20_antB0.5_nceA1_antM0.5_antLocal_nceLocal_avgK3_s1995,logs/exp_tiny_imagenet_100-20_antB0.5_nceA1_antM0.5_antLocal_nceLocal_avgK3_s1995/exp_gistlog.log,tiny_imagenet_100-20,antB0.5_nceA1_antM0.5_antLocal_nceLocal_avgK3,antB0.5_nceA1_antM0.5_antLocal_avgK3,s1995,61.03,6,6,True,True,2,0,935dabcda178d82b9835745db32904f503785b40331e8a32aa5282aef993b407,5865,True,
exp_tiny_imagenet_100-20_antB0.5_nceA1_antM0.5_antLocal_nceLocal_avgK5_s1993,logs/exp_tiny_imagenet_100-20_antB0.5_nceA1_antM0.5_antLocal_nceLocal_avgK5_s1993/exp_gistlog.log,tiny_imagenet_100-20,antB0.5_nceA1_antM0.5_antLocal_nceLocal_avgK5,antB0.5_nceA1_antM0.5_antLocal_avgK5,s1993,61.25,6,6,True,True,2,0,8e63b65a9d8d1448a31852a21b9d1e0cc586b951b70ca4b9d8f6a52ddc803998,5871,True,
exp_tiny_imagenet_100-20_antB0.5_nceA1_antM0.5_antLocal_nceLocal_avgK5_s1994,logs/exp_tiny_imagenet_100-20_antB0.5_nceA1_antM0.5_antLocal_nceLocal_avgK5_s1994/exp_gistlog.log,tiny_imagenet_100-20,antB0.5_nceA1_antM0.5_antLocal_nceLocal_avgK5,antB0.5_nceA1_antM0.5_antLocal_avgK5,s1994,61.51,6,6,True,True,2,0,a1206cfb05407208d5ab9333f4ccb9b44012c5fb0cca2e8528e0357c9cf97e11,5867,True,
exp_tiny_imagenet_100-20_antB0.5_nceA1_antM0.5_antLocal_nceLocal_avgK5_s1995,logs/exp_tiny_imagenet_100-20_antB0.5_nceA1_antM0.5_antLocal_nceLocal_avgK5_s1995/exp_gistlog.log,tiny_imagenet_100-20,antB0.5_nceA1_antM0.5_antLocal_nceLocal_avgK5,antB0.5_nceA1_antM0.5_antLocal_avgK5,s1995,61.09,6,6,True,True,2,0,47756133deccd8bb43d4994f374f8627559e59bb3cd8b62fa02bfedfbd660efd,5867,True,
exp_tiny_imagenet_100-20_antB0.5_nceA1_antM0.5_antLocal_nceLocal_sbsQ0.20S0.2_s1993,logs/exp_tiny_imagenet_100-20_antB0.5_nceA1_antM0.5_antLocal_nceLocal_sbsQ0.20S0.2_s1993/exp_gistlog.log,tiny_imagenet_100-20,antB0.5_nceA1_antM0.5_antLocal_nceLocal_sbsQ0.20S0.2,antB0.5_nceA1_antM0.5_antLocal_sbsQ0.20S0.2,s1993,61.01,6,6,True,False,2,0,0a2827da875acc8dd5d25cb74ca6f1c8eb2244e0e5b075722daf99de70378512,5867,False,method_not_in_analysis
exp_tiny_imagenet_100-20_antB0.5_nceA1_antM0.5_antLocal_nceLocal_sbsQ0.20S0.2_s1994,logs/exp_tiny_imagenet_100-20_antB0.5_nceA1_antM0.5_antLocal_nceLocal_sbsQ0.20S0.2_s1994/exp_gistlog.log,tiny_imagenet_100-20,antB0.5_nceA1_antM0.5_antLocal_nceLocal_sbsQ0.20S0.2,antB0.5_nceA1_antM0.5_antLocal_sbsQ0.20S0.2,s1994,61.21,6,6,True,False,2,0,0b9ca9e5c37702e4a82eb6db7871f69a057eccaf8dee495f01da22a3028d482f,5866,False,method_not_in_analysis
exp_tiny_imagenet_100-20_antB0.5_nceA1_antM0.5_antLocal_nceLocal_sbsQ0.20S0.2_s1995,logs/exp_tiny_imagenet_100-20_antB0.5_nceA1_antM0.5_antLocal_nceLocal_sbsQ0.20S0.2_s1995/exp_gistlog.log,tiny_imagenet_100-20,antB0.5_nceA1_antM0.5_antLocal_nceLocal_sbsQ0.20S0.2,antB0.5_nceA1_antM0.5_antLocal_sbsQ0.20S0.2,s1995,60.89,6,6,True,False,2,0,6f9090ed2ebfa2c83339170c61f8dfd4504fc797b9f74f4a529bb63055a00de5,5866,False,method_not_in_analysis
exp_tiny_imagenet_100-20_antB0.5_nceA1_antM0.5_antLocal_nceLocal_sbsQ0.20S0.2_s1995_v2,logs/exp_tiny_imagenet_100-20_antB0.5_nceA1_antM0.5_antLocal_nceLocal_sbsQ0.20S0.2_s1995_v2/exp_gistlog.log,tiny_imagenet_100-20,antB0.5_nceA1_antM0.5_antLocal_nceLocal_sbsQ0.20S0.2,antB0.5_nceA1_antM0.5_antLocal_sbsQ0.20S0.2,s1995,,0,6,False,False,2,0,5b17d993989cbed4127a5b3afb5ea0319e318b4fa6e90a889c93983940969918,13210,False,method_not_in_analysis
exp_tiny_imagenet_100-20_antB0.5_nceA1_antM0.5_antSymmetricFull_nceGlobal_s1993,logs/exp_tiny_imagenet_100-20_antB0.5_nceA1_antM0.5_antSymmetricFull_nceGlobal_s1993/exp_gistlog.log,tiny_imagenet_100-20,antB0.5_nceA1_antM0.5_antSymmetricFull_nceGlobal,antB0.5_nceA1_antM0.5_antSymmetricFull,s1993,61.12,6,6,True,True,1,0,ff73f90ba35dcd9620c46480d1ad8417e34dc4d46f404a083fdac5cdc21eba36,5867,True,
exp_tiny_imagenet_100-20_antB0.5_nceA1_antM0.5_antSymmetricFull_nceGlobal_s1994,logs/exp_tiny_imagenet_100-20_antB0.5_nceA1_antM0.5_antSymmetricFull_nceGlobal_s1994/exp_gistlog.log,tiny_imagenet_100-20,antB0.5_nceA1_antM0.5_antSymmetricFull_nceGlobal,antB0.5_nceA1_antM0.5_antSymmetricFull,s1994,61.46,6,6,True,True,1,0,6d880db3b93c62cd66b94785e2eca54cd0d7c8f22f217b22215732cf298838b1,5866,True,
exp_tiny_imagenet_100-20_antB0.5_nceA1_antM0.5_antSymmetricFull_nceGlobal_s1995,logs/exp_tiny_imagenet_100-20_antB0.5_nceA1_antM0.5_antSymmetricFull_nceGlobal_s1995/exp_gistlog.log,tiny_imagenet_100-20,antB0.5_nceA1_antM0.5_antSymmetricFull_nceGlobal,antB0.5_nceA1_antM0.5_antSymmetricFull,s1995,60.82,6,6,True,True,1,0,5d717cefc0e671b25ecd17d5febb0c9e4a9f919189bd0ae9c914fed5a7ae9628,5868,True,
exp_tiny_imagenet_100-20_antB0.5_nceA1_antM0.5_antSymmetricFull_nceLocal_avgK10_s1993,logs/exp_tiny_imagenet_100-20_antB0.5_nceA1_antM0.5_antSymmetricFull_nceLocal_avgK10_s1993/exp_gistlog.log,tiny_imagenet_100-20,antB0.5_nceA1_antM0.5_antSymmetricFull_nceLocal_avgK10,antB0.5_nceA1_antM0.5_antSymmetricFull_avgK10,s1993,61.09,6,6,True,True,2,0,775487a69c4a4afaefd00109e2ec68a55dc73a4f07258a9b936c42e3f5ecb6c9,5866,True,
exp_tiny_imagenet_100-20_antB0.5_nceA1_antM0.5_antSymmetricFull_nceLocal_avgK10_s1994,logs/exp_tiny_imagenet_100-20_antB0.5_nceA1_antM0.5_antSymmetricFull_nceLocal_avgK10_s1994/exp_gistlog.log,tiny_imagenet_100-20,antB0.5_nceA1_antM0.5_antSymmetricFull_nceLocal_avgK10,antB0.5_nceA1_antM0.5_antSymmetricFull_avgK10,s1994,61.4,6,6,True,True,2,0,07446c4caf08c3f131fa8b4ca1fc5921e53f8cc19776451c842fb049a6412423,5865,True,
exp_tiny_imagenet_100-20_antB0.5_nceA1_antM0.5_antSymmetricFull_nceLocal_avgK10_s1995,logs/exp_tiny_imagenet_100-20_antB0.5_nceA1_antM0.5_antSymmetricFull_nceLocal_avgK10_s1995/exp_gistlog.log,tiny_imagenet_100-20,antB0.5_nceA1_antM0.5_antSymmetricFull_nceLocal_avgK10,antB0.5_nceA1_antM0.5_antSymmetricFull_avgK10,s1995,61.5,6,6,True,True,2,0,f50dae14ca11ca4708f20601b47dd95e681a8377942f6c30f47200938c7064c7,5869,True,
exp_tiny_imagenet_100-20_antB0.5_nceA1_antM0.5_antSymmetricFull_nceLocal_avgK3_s1993,logs/exp_tiny_imagenet_100-20_antB0.5_nceA1_antM0.5_antSymmetricFull_nceLocal_avgK3_s1993/exp_gistlog.log,tiny_imagenet_100-20,antB0.5_nceA1_antM0.5_antSymmetricFull_nceLocal_avgK3,antB0.5_nceA1_antM0.5_antSymmetricFull_avgK3,s1993,60.84,6,6,True,True,2,0,10a7c66e97cb9fde044d32716567ab15999bd37773cd962e43f749d07cf27ffa,5868,False,incomplete_cross_dataset_seed_coverage
exp_tiny_imagenet_100-20_antB0.5_nceA1_antM0.5_antSymmetricFull_nceLocal_avgK5_s1993,logs/exp_tiny_imagenet_100-20_antB0.5_nceA1_antM0.5_antSymmetricFull_nceLocal_avgK5_s1993/exp_gistlog.log,tiny_imagenet_100-20,antB0.5_nceA1_antM0.5_antSymmetricFull_nceLocal_avgK5,antB0.5_nceA1_antM0.5_antSymmetricFull_avgK5,s1993,60.9,6,6,True,True,2,0,d33079dbd03f878555daf1ea063c87928e309d461606aaf1950aa49858f1b46d,5866,True,
exp_tiny_imagenet_100-20_antB0.5_nceA1_antM0.5_antSymmetricFull_nceLocal_avgK5_s1994,logs/exp_tiny_imagenet_100-20_antB0.5_nceA1_antM0.5_antSymmetricFull_nceLocal_avgK5_s1994/exp_gistlog.log,tiny_imagenet_100-20,antB0.5_nceA1_antM0.5_antSymmetricFull_nceLocal_avgK5,antB0.5_nceA1_antM0.5_antSymmetricFull_avgK5,s1994,60.98,6,6,True,True,2,0,1145a4d9f5dae5183ba6bfbe834806e4699f2217462e09c0f8b71a8e6b6d580f,5869,True,
exp_tiny_imagenet_100-20_antB0.5_nceA1_antM0.5_antSymmetricFull_nceLocal_avgK5_s1995,logs/exp_tiny_imagenet_100-20_antB0.5_nceA1_antM0.5_antSymmetricFull_nceLocal_avgK5_s1995/exp_gistlog.log,tiny_imagenet_100-20,antB0.5_nceA1_antM0.5_antSymmetricFull_nceLocal_avgK5,antB0.5_nceA1_antM0.5_antSymmetricFull_avgK5,s1995,61.32,6,6,True,True,2,0,da1ca7f462b401d11f1f54251197b94d739065e8544a4eb309b406f1533ce713,5868,True,
exp_tiny_imagenet_100-20_antB0.5_nceA1_antM0.5_antSymmetricFull_nceLocal_refDetached_s1993,logs/exp_tiny_imagenet_100-20_antB0.5_nceA1_antM0.5_antSymmetricFull_nceLocal_refDetached_s1993/exp_gistlog.log,tiny_imagenet_100-20,antB0.5_nceA1_antM0.5_antSymmetricFull_nceLocal_refDetached,antB0.5_nceA1_antM0.5_antSymmetricFull_refDetached,s1993,61.16,6,6,True,True,2,0,136d94c29613ff881bbf2f381bea606dabf1b7cf18ab52802d939f64fc7f9e62,6066,False,incomplete_cross_dataset_seed_coverage
exp_tiny_imagenet_100-20_antB0.5_nceA1_antM0.5_antSymmetricFull_nceLocal_refDetached_s1994,logs/exp_tiny_imagenet_100-20_antB0.5_nceA1_antM0.5_antSymmetricFull_nceLocal_refDetached_s1994/exp_gistlog.log,tiny_imagenet_100-20,antB0.5_nceA1_antM0.5_antSymmetricFull_nceLocal_refDetached,antB0.5_nceA1_antM0.5_antSymmetricFull_refDetached,s1994,62.29,5,6,False,True,2,0,697279aa27b999bcb19f9d0b9176f663b55950ee8a45d02bb1f7634b964c364e,4999,False,incomplete_or_unparseable
exp_tiny_imagenet_100-20_antB0.5_nceA1_antM0.5_antSymmetricFull_nceLocal_sbsQ0.20S0.2_s1993,logs/exp_tiny_imagenet_100-20_antB0.5_nceA1_antM0.5_antSymmetricFull_nceLocal_sbsQ0.20S0.2_s1993/exp_gistlog.log,tiny_imagenet_100-20,antB0.5_nceA1_antM0.5_antSymmetricFull_nceLocal_sbsQ0.20S0.2,antB0.5_nceA1_antM0.5_antSymmetricFull_sbsQ0.20S0.2,s1993,61.11,6,6,True,False,2,0,89fbe1978a64a16f5968eec696960d6aad469e2f099ee5ea5d4c86d1916b0025,5868,False,method_not_in_analysis
exp_tiny_imagenet_100-20_antB0_nceA1_antSymmetricFull_nceGlobal_s1993,logs/exp_tiny_imagenet_100-20_antB0_nceA1_antSymmetricFull_nceGlobal_s1993/exp_gistlog.log,tiny_imagenet_100-20,antB0_nceA1_antSymmetricFull_nceGlobal,antB0_nceA1_baselineInfoNCE,s1993,61.02,6,6,True,True,1,0,db561b9579a273a0864cbda514a15cdfa6aa5ad8a0210b8bf89b6da8e70f4185,5867,True,
exp_tiny_imagenet_100-20_antB0_nceA1_antSymmetricFull_nceGlobal_s1994,logs/exp_tiny_imagenet_100-20_antB0_nceA1_antSymmetricFull_nceGlobal_s1994/exp_gistlog.log,tiny_imagenet_100-20,antB0_nceA1_antSymmetricFull_nceGlobal,antB0_nceA1_baselineInfoNCE,s1994,61.23,6,6,True,True,1,0,4de1caa8b43d28348244893d6bcbf4d75d09d22277f1017a21aeb32a126f2376,5867,True,
exp_tiny_imagenet_100-20_antB0_nceA1_antSymmetricFull_nceGlobal_s1995,logs/exp_tiny_imagenet_100-20_antB0_nceA1_antSymmetricFull_nceGlobal_s1995/exp_gistlog.log,tiny_imagenet_100-20,antB0_nceA1_antSymmetricFull_nceGlobal,antB0_nceA1_baselineInfoNCE,s1995,61.71,6,6,True,True,1,0,13f9e21cf061a66354b3de4cf09caaa70107d4076033bb38f74f42780b06a8b5,5865,True,
exp_tiny_imagenet_20-20_antB0.5_nceA1_antM0.5_antGlobal_nceGlobal_s1994,logs/exp_tiny_imagenet_20-20_antB0.5_nceA1_antM0.5_antGlobal_nceGlobal_s1994/exp_gistlog.log,tiny_imagenet_20-20,antB0.5_nceA1_antM0.5_antGlobal_nceGlobal,antB0.5_nceA1_antM0.5_antGlobal,s1994,61.06,10,10,True,True,1,0,91f1edec2897b776875c6e17be8fef113618692525dc11124972f078fafc5665,10897,True,
exp_tiny_imagenet_20-20_antB0.5_nceA1_antM0.5_antGlobal_nceGlobal_s1995_v2,logs/exp_tiny_imagenet_20-20_antB0.5_nceA1_antM0.5_antGlobal_nceGlobal_s1995_v2/exp_gistlog.log,tiny_imagenet_20-20,antB0.5_nceA1_antM0.5_antGlobal_nceGlobal,antB0.5_nceA1_antM0.5_antGlobal,s1995,61.03,10,10,True,True,1,0,d9b01b0a0e17177aaf1e723c0c01b8fc38771b638be0adb0dee5f3b16c53892c,10900,True,
exp_tiny_imagenet_20-20_antB0.5_nceA1_antM0.5_antGlobal_nceLocal_s1994,logs/exp_tiny_imagenet_20-20_antB0.5_nceA1_antM0.5_antGlobal_nceLocal_s1994/exp_gistlog.log,tiny_imagenet_20-20,antB0.5_nceA1_antM0.5_antGlobal_nceLocal,antB0.5_nceA1_antM0.5_antGlobal,s1994,61.07,10,10,True,True,2,0,5c040fae33d0db0bcfc87601e330a08cc39795dcaeb86d4af30083ebad87b963,10896,False,lower_priority_equivalent_run
exp_tiny_imagenet_20-20_antB0.5_nceA1_antM0.5_antGlobal_nceLocal_s1995,logs/exp_tiny_imagenet_20-20_antB0.5_nceA1_antM0.5_antGlobal_nceLocal_s1995/exp_gistlog.log,tiny_imagenet_20-20,antB0.5_nceA1_antM0.5_antGlobal_nceLocal,antB0.5_nceA1_antM0.5_antGlobal,s1995,,0,10,False,True,2,0,aa675ac7b35a5b2fa964b774f29601fe17f6fd8940b87973a1db1ad2c058b467,13210,False,incomplete_or_unparseable
exp_tiny_imagenet_20-20_antB0.5_nceA1_antM0.5_antLocal_nceGlobal_s1994,logs/exp_tiny_imagenet_20-20_antB0.5_nceA1_antM0.5_antLocal_nceGlobal_s1994/exp_gistlog.log,tiny_imagenet_20-20,antB0.5_nceA1_antM0.5_antLocal_nceGlobal,antB0.5_nceA1_antM0.5_antLocal,s1994,60.95,10,10,True,True,1,0,72f075506ae889e609db59fc46ecd49d4da3fd53f4d74f42d52c0f2b5cd6b855,10893,True,
exp_tiny_imagenet_20-20_antB0.5_nceA1_antM0.5_antLocal_nceGlobal_s1995,logs/exp_tiny_imagenet_20-20_antB0.5_nceA1_antM0.5_antLocal_nceGlobal_s1995/exp_gistlog.log,tiny_imagenet_20-20,antB0.5_nceA1_antM0.5_antLocal_nceGlobal,antB0.5_nceA1_antM0.5_antLocal,s1995,,0,10,False,True,1,0,f6144209ca8bf4cde8d4feef2c8aa47aadc2a815c854bb5cf9ec3527057a8100,13210,False,incomplete_or_unparseable
exp_tiny_imagenet_20-20_antB0.5_nceA1_antM0.5_antLocal_nceLocal_avgK10_s1993,logs/exp_tiny_imagenet_20-20_antB0.5_nceA1_antM0.5_antLocal_nceLocal_avgK10_s1993/exp_gistlog.log,tiny_imagenet_20-20,antB0.5_nceA1_antM0.5_antLocal_nceLocal_avgK10,antB0.5_nceA1_antM0.5_antLocal_avgK10,s1993,61.45,10,10,True,True,2,0,45f2517f962609511562f10b95f66aa7dadd3fe9e4007f8fb7e3c1174af39305,10896,True,
exp_tiny_imagenet_20-20_antB0.5_nceA1_antM0.5_antLocal_nceLocal_avgK10_s1994,logs/exp_tiny_imagenet_20-20_antB0.5_nceA1_antM0.5_antLocal_nceLocal_avgK10_s1994/exp_gistlog.log,tiny_imagenet_20-20,antB0.5_nceA1_antM0.5_antLocal_nceLocal_avgK10,antB0.5_nceA1_antM0.5_antLocal_avgK10,s1994,61.38,10,10,True,True,2,0,5ec26231588f4b8a74f0f26fc53ec68367ce6d6e313bde0e73749d1ea8e82650,10894,True,
exp_tiny_imagenet_20-20_antB0.5_nceA1_antM0.5_antLocal_nceLocal_avgK10_s1995,logs/exp_tiny_imagenet_20-20_antB0.5_nceA1_antM0.5_antLocal_nceLocal_avgK10_s1995/exp_gistlog.log,tiny_imagenet_20-20,antB0.5_nceA1_antM0.5_antLocal_nceLocal_avgK10,antB0.5_nceA1_antM0.5_antLocal_avgK10,s1995,61.23,10,10,True,True,2,0,d0fe933d1749fbdc7f17049c3f90a60c5c0599098d72809129537d0f368d9468,10899,True,
exp_tiny_imagenet_20-20_antB0.5_nceA1_antM0.5_antLocal_nceLocal_avgK3_s1993,logs/exp_tiny_imagenet_20-20_antB0.5_nceA1_antM0.5_antLocal_nceLocal_avgK3_s1993/exp_gistlog.log,tiny_imagenet_20-20,antB0.5_nceA1_antM0.5_antLocal_nceLocal_avgK3,antB0.5_nceA1_antM0.5_antLocal_avgK3,s1993,61.58,10,10,True,True,2,0,d6e7d744c2a87f2cca5821600568caa26726a76a0e52d279c3eb587929d138e2,10900,True,
exp_tiny_imagenet_20-20_antB0.5_nceA1_antM0.5_antLocal_nceLocal_avgK3_s1994,logs/exp_tiny_imagenet_20-20_antB0.5_nceA1_antM0.5_antLocal_nceLocal_avgK3_s1994/exp_gistlog.log,tiny_imagenet_20-20,antB0.5_nceA1_antM0.5_antLocal_nceLocal_avgK3,antB0.5_nceA1_antM0.5_antLocal_avgK3,s1994,61.13,10,10,True,True,2,0,e1ba2306e203ae371c6dd544715b473f55a909ea8f6aacb5f968972c9579a31f,10895,True,
exp_tiny_imagenet_20-20_antB0.5_nceA1_antM0.5_antLocal_nceLocal_avgK3_s1995,logs/exp_tiny_imagenet_20-20_antB0.5_nceA1_antM0.5_antLocal_nceLocal_avgK3_s1995/exp_gistlog.log,tiny_imagenet_20-20,antB0.5_nceA1_antM0.5_antLocal_nceLocal_avgK3,antB0.5_nceA1_antM0.5_antLocal_avgK3,s1995,60.5,10,10,True,True,2,0,07a1d3d10e4c4d846cbd62f60c592ad196eadd87a1543ce136f5bc6c3891b5ba,10899,True,
exp_tiny_imagenet_20-20_antB0.5_nceA1_antM0.5_antLocal_nceLocal_avgK5_s1993,logs/exp_tiny_imagenet_20-20_antB0.5_nceA1_antM0.5_antLocal_nceLocal_avgK5_s1993/exp_gistlog.log,tiny_imagenet_20-20,antB0.5_nceA1_antM0.5_antLocal_nceLocal_avgK5,antB0.5_nceA1_antM0.5_antLocal_avgK5,s1993,61.89,10,10,True,True,2,0,b25683fb965b9fe249ebd9e7bd83e538d971e65cc21081916570404f0fa48b6e,10896,True,
exp_tiny_imagenet_20-20_antB0.5_nceA1_antM0.5_antLocal_nceLocal_avgK5_s1994,logs/exp_tiny_imagenet_20-20_antB0.5_nceA1_antM0.5_antLocal_nceLocal_avgK5_s1994/exp_gistlog.log,tiny_imagenet_20-20,antB0.5_nceA1_antM0.5_antLocal_nceLocal_avgK5,antB0.5_nceA1_antM0.5_antLocal_avgK5,s1994,61.41,10,10,True,True,2,0,2733b0438e81a2ffc7820aeed46314e2225d2a28a5e0c310756f03cf12cbe282,10893,True,
exp_tiny_imagenet_20-20_antB0.5_nceA1_antM0.5_antLocal_nceLocal_avgK5_s1995,logs/exp_tiny_imagenet_20-20_antB0.5_nceA1_antM0.5_antLocal_nceLocal_avgK5_s1995/exp_gistlog.log,tiny_imagenet_20-20,antB0.5_nceA1_antM0.5_antLocal_nceLocal_avgK5,antB0.5_nceA1_antM0.5_antLocal_avgK5,s1995,60.91,10,10,True,True,2,0,753cf4d692fb3c0532f38eb2d4a9899298f036fa8934bdddd17b8dd271febbaf,10898,True,
exp_tiny_imagenet_20-20_antB0.5_nceA1_antM0.5_antLocal_nceLocal_sbsQ0.20S0.2_s1993,logs/exp_tiny_imagenet_20-20_antB0.5_nceA1_antM0.5_antLocal_nceLocal_sbsQ0.20S0.2_s1993/exp_gistlog.log,tiny_imagenet_20-20,antB0.5_nceA1_antM0.5_antLocal_nceLocal_sbsQ0.20S0.2,antB0.5_nceA1_antM0.5_antLocal_sbsQ0.20S0.2,s1993,61.14,10,10,True,False,2,0,f92f014849f76ea36a541f86786ad324cba7aec9ad6b0dff915e54a516a709d0,10896,False,method_not_in_analysis
exp_tiny_imagenet_20-20_antB0.5_nceA1_antM0.5_antLocal_nceLocal_sbsQ0.20S0.2_s1994,logs/exp_tiny_imagenet_20-20_antB0.5_nceA1_antM0.5_antLocal_nceLocal_sbsQ0.20S0.2_s1994/exp_gistlog.log,tiny_imagenet_20-20,antB0.5_nceA1_antM0.5_antLocal_nceLocal_sbsQ0.20S0.2,antB0.5_nceA1_antM0.5_antLocal_sbsQ0.20S0.2,s1994,61.33,10,10,True,False,2,0,c623577dd46996e81cefe5643f9579f9d443c01086c163813d24fd2aba976de5,10893,False,method_not_in_analysis
exp_tiny_imagenet_20-20_antB0.5_nceA1_antM0.5_antLocal_nceLocal_sbsQ0.20S0.2_s1995,logs/exp_tiny_imagenet_20-20_antB0.5_nceA1_antM0.5_antLocal_nceLocal_sbsQ0.20S0.2_s1995/exp_gistlog.log,tiny_imagenet_20-20,antB0.5_nceA1_antM0.5_antLocal_nceLocal_sbsQ0.20S0.2,antB0.5_nceA1_antM0.5_antLocal_sbsQ0.20S0.2,s1995,60.39,10,10,True,False,2,0,4b05e9651c63fb0e8e8e5cd6f186b38ea2da38343619a0dd198a91a45c30d188,10901,False,method_not_in_analysis
exp_tiny_imagenet_20-20_antB0.5_nceA1_antM0.5_antLocal_nceLocal_sbsQ0.20S0.2_s1995_v2,logs/exp_tiny_imagenet_20-20_antB0.5_nceA1_antM0.5_antLocal_nceLocal_sbsQ0.20S0.2_s1995_v2/exp_gistlog.log,tiny_imagenet_20-20,antB0.5_nceA1_antM0.5_antLocal_nceLocal_sbsQ0.20S0.2,antB0.5_nceA1_antM0.5_antLocal_sbsQ0.20S0.2,s1995,,0,10,False,False,2,0,e335e816d5f939a246909f60a73f7435612d2694ea972dc12c841eb653ccc780,13210,False,method_not_in_analysis
exp_tiny_imagenet_20-20_antB0.5_nceA1_antM0.5_antSymmetricFull_nceLocal_avgK10_s1993,logs/exp_tiny_imagenet_20-20_antB0.5_nceA1_antM0.5_antSymmetricFull_nceLocal_avgK10_s1993/exp_gistlog.log,tiny_imagenet_20-20,antB0.5_nceA1_antM0.5_antSymmetricFull_nceLocal_avgK10,antB0.5_nceA1_antM0.5_antSymmetricFull_avgK10,s1993,61.38,10,10,True,True,2,0,ec9e82f6286e49a19c0ba333a3a2b55639b8da513ddffee7a56100632b35058c,10896,True,
exp_tiny_imagenet_20-20_antB0.5_nceA1_antM0.5_antSymmetricFull_nceLocal_avgK10_s1994,logs/exp_tiny_imagenet_20-20_antB0.5_nceA1_antM0.5_antSymmetricFull_nceLocal_avgK10_s1994/exp_gistlog.log,tiny_imagenet_20-20,antB0.5_nceA1_antM0.5_antSymmetricFull_nceLocal_avgK10,antB0.5_nceA1_antM0.5_antSymmetricFull_avgK10,s1994,61.47,10,10,True,True,2,0,207ec7e6350c14703e32b322233d4ddfe659c1f36a5a5d1c8d802ec2bed8f1d1,10894,True,
exp_tiny_imagenet_20-20_antB0.5_nceA1_antM0.5_antSymmetricFull_nceLocal_avgK10_s1995,logs/exp_tiny_imagenet_20-20_antB0.5_nceA1_antM0.5_antSymmetricFull_nceLocal_avgK10_s1995/exp_gistlog.log,tiny_imagenet_20-20,antB0.5_nceA1_antM0.5_antSymmetricFull_nceLocal_avgK10,antB0.5_nceA1_antM0.5_antSymmetricFull_avgK10,s1995,60.78,10,10,True,True,2,0,17a8ae575ca670f53ec32eda4757be70a4296dd6d048bc84658ef60153ab3438,10897,True,
exp_tiny_imagenet_20-20_antB0.5_nceA1_antM0.5_antSymmetricFull_nceLocal_avgK3_s1993,logs/exp_tiny_imagenet_20-20_antB0.5_nceA1_antM0.5_antSymmetricFull_nceLocal_avgK3_s1993/exp_gistlog.log,tiny_imagenet_20-20,antB0.5_nceA1_antM0.5_antSymmetricFull_nceLocal_avgK3,antB0.5_nceA1_antM0.5_antSymmetricFull_avgK3,s1993,61.29,10,10,True,True,2,0,eb4b6c1c24f4f4be3b8cd4e8d34f6301179d4083395049a782560a054b4e88e2,10895,False,incomplete_cross_dataset_seed_coverage
exp_tiny_imagenet_20-20_antB0.5_nceA1_antM0.5_antSymmetricFull_nceLocal_avgK5_s1993,logs/exp_tiny_imagenet_20-20_antB0.5_nceA1_antM0.5_antSymmetricFull_nceLocal_avgK5_s1993/exp_gistlog.log,tiny_imagenet_20-20,antB0.5_nceA1_antM0.5_antSymmetricFull_nceLocal_avgK5,antB0.5_nceA1_antM0.5_antSymmetricFull_avgK5,s1993,61.69,10,10,True,True,2,0,c19cca83d58b7215f45f605bd5826ff2b6c755837007e757c9dfdf49ce17b7f8,10897,True,
exp_tiny_imagenet_20-20_antB0.5_nceA1_antM0.5_antSymmetricFull_nceLocal_avgK5_s1994,logs/exp_tiny_imagenet_20-20_antB0.5_nceA1_antM0.5_antSymmetricFull_nceLocal_avgK5_s1994/exp_gistlog.log,tiny_imagenet_20-20,antB0.5_nceA1_antM0.5_antSymmetricFull_nceLocal_avgK5,antB0.5_nceA1_antM0.5_antSymmetricFull_avgK5,s1994,61.31,10,10,True,True,2,0,53cf3bd9974f7966f3b6bae03095fd5d0462503d58e2403acbafb2d1e1e594a1,10895,True,
exp_tiny_imagenet_20-20_antB0.5_nceA1_antM0.5_antSymmetricFull_nceLocal_avgK5_s1995,logs/exp_tiny_imagenet_20-20_antB0.5_nceA1_antM0.5_antSymmetricFull_nceLocal_avgK5_s1995/exp_gistlog.log,tiny_imagenet_20-20,antB0.5_nceA1_antM0.5_antSymmetricFull_nceLocal_avgK5,antB0.5_nceA1_antM0.5_antSymmetricFull_avgK5,s1995,60.9,10,10,True,True,2,0,4613d91a7aed6ce3daa70979e4351c987308ca7930c830edd7ddad63964d9911,10893,True,
exp_tiny_imagenet_20-20_antB0.5_nceA1_antM0.5_antSymmetricFull_nceLocal_sbsQ0.20S0.2_s1993,logs/exp_tiny_imagenet_20-20_antB0.5_nceA1_antM0.5_antSymmetricFull_nceLocal_sbsQ0.20S0.2_s1993/exp_gistlog.log,tiny_imagenet_20-20,antB0.5_nceA1_antM0.5_antSymmetricFull_nceLocal_sbsQ0.20S0.2,antB0.5_nceA1_antM0.5_antSymmetricFull_sbsQ0.20S0.2,s1993,61.04,10,10,True,False,2,0,de6cd5f34cbc854580295cd4cf332defcf51fe7942474a1e2822a1977a449b2a,10895,False,method_not_in_analysis
